Helyiség;Kategória;Szint;Termék;Bolt;Hol kapható;Anyag / szín;Méret;Ár (Ft);Ármegjegyzés;Javasolt db;Összesen (Ft);Link;Miért illik;Mire figyelj;Ellenőrzés módja;Ellenőrizve;Link állapot
00-altalanos-hangulat;Csúszásgátló szőnyeg alátét;ajánlott;STOPP FILT csúszásgátló szőnyeg alátét, 123x185 cm;IKEA;online (ikea.com/hu) + áruház (Budaörs);poliészter/PVC habszivacs, szürke;123x185 cm;2490;;3;7470;https://www.ikea.com/hu/hu/p/stopp-filt-csuszasgatlo-szonyeg-alatet-90550210/;A csempézett hall/konyha/étkező/nappali minden szőnyege alá kell csúszásgátló – ez a méret a kisebb-közepes (kb. 133x195-ös) szőnyegekhez illik, kisbabával kritikus balesetvédelmi elem.;Vágható, de a szőnyeg tényleges méreténél kb. 2 cm-rel kisebbre érdemes szabni.;termékoldal;2026-09-20;200
00-altalanos-hangulat;Csúszásgátló szőnyeg alátét;ajánlott;STOPP FILT csúszásgátló szőnyeg alátét, 165x235 cm;IKEA;online (ikea.com/hu) + áruház (Budaörs);poliészter/PVC habszivacs, szürke;165x235 cm;3490;;2;6980;https://www.ikea.com/hu/hu/p/stopp-filt-csuszasgatlo-szonyeg-alatet-90132261/;"A nappali nagyobb szőnyegéhez illő méret; ugyanaz a termékcsalád, mint a kisebb méret, így egységesen rendelhető a ház több szőnyege alá.";;termékoldal;2026-09-20;200
00-altalanos-hangulat;Csúszásgátló szőnyeg alátét;ajánlott;STOPP FILT csúszásgátló szőnyeg alátét, 190x280 cm;IKEA;online (ikea.com/hu) + áruház (Budaörs);poliészter/PVC habszivacs, szürke;190x280 cm;4490;;1;4490;https://www.ikea.com/hu/hu/p/stopp-filt-csuszasgatlo-szonyeg-alatet-20550204/;Legnagyobb elérhető méret a nappali/étkező legnagyobb szőnyegéhez, sand-beige csempén ez adja a legtöbb biztonságot kúszó-járni tanuló gyereknél.;;termékoldal;2026-09-20;200
00-altalanos-hangulat;Csúszásgátló szőnyeg alátét;olcsóbb;Szőnyegalátét HYBEN csúszásgátló, 130x190 cm, fehér;JYSK;online (jysk.hu), házhozszállítás vagy Click & Collect;100% poliészter felület, SEBS csúszásgátló hátoldal, fehér;130x190 cm;2750;/db;1;2750;https://jysk.hu/lakberendezes/szonyegek/csuszasgatlo-szonyeg-alatetek/szonyegalatet-hyben-csuszasgatlo-130x190;JYSK-alternatíva az IKEA STOPP FILT mellé hasonló méretben, ha valamelyik szőnyeghez pont ez illik jobban, vagy ha a Budaörs/Pilisvörösvár JYSK könnyebben elérhető aznap.;"Fehér színben; ha látszik a szőnyeg szélén, sötétebb padlón jobban feltűnhet, mint az IKEA szürke változata.";termékoldal;2026-09-20;200
00-altalanos-hangulat;Dekor növény – eukaliptusz ág;ajánlott;SMYCKA Műnövény, eukaliptusz/zöld, 65 cm;IKEA;online (ikea.com/hu) + áruház (Budaörs);poliészter (min. 50-100% újrahasznosított), acél szár, zöld;magasság 65 cm, 1 szál/csomag;995;/szál;3;2985;https://www.ikea.com/hu/hu/p/smycka-munoeveny-eukaliptusz-zoeld-80335773/;Élethű eukaliptusz ág vázába – az irányelv szerint elfogadható a szárított/műnövény változat is, ez adja a 'zöld a palettában, nem csak a cserépben' effektust ott, ahol nincs élő növény.;"Kifejezetten szárított valódi eukaliptusz ágat magyar webshopban nem sikerült ezen a körön ellenőrizni; ez egy jó minőségű műnövény-alternatíva helyette.";termékoldal;2026-09-20;200
00-altalanos-hangulat;Fonott tárolókosár (kicsi, ~25 cm);ajánlott;FLÅDIS kosár, tengerifű, 25 cm;IKEA;online (ikea.com/hu) + áruház (Budaörs);kézzel font tengerifű, natúr, átlátszó lakkbevonattal;Ø 25 cm, magasság 32 cm (fül lehajtva min. 18 cm);3990;;4;15960;https://www.ikea.com/hu/hu/p/fladis-kosar-tengerifu-60322173/;"A ház egységes fonott rost családjának legkisebb tagja – polcra, fürdőbe, gyerekszobába apró tárgyakhoz; a lehajtható fülek miatt gyorsan elrejthető, amit egy kisbabás háztartásban nem szabad látni.";"Kézi fonás miatt darabonként kicsit eltér a mintázat; csak dekorra/könnyű tárgyakra való, nem teherbíró tároló.";termékoldal;2026-09-20;200
00-altalanos-hangulat;Fonott tárolókosár (közepes, ~32 cm);ajánlott;KNIPSA kosár, tengerifű, 32x33x32 cm;IKEA;online (ikea.com/hu) + áruház (Budaörs);tengerifű fonat acélvázon, natúr;32x33 cm, magasság 32 cm;6990;/db (online rendelésnél min. 2 db);4;27960;https://www.ikea.com/hu/hu/p/knipsa-kosar-tengerifu-20110540/;Közepes méretű, tiszta tengerifű kosár – pléd, játék vagy törölköző tárolására nappaliban/hálóban egyaránt jó, és pontosan illik a KALLAX-szerű polcrendszerekbe is.;Online rendelésnél 2 db a minimum egységmennyiség.;termékoldal;2026-09-20;200
00-altalanos-hangulat;Fonott tárolókosár (közepes, ~32 cm);olcsóbb;LUSTIGKURRE kosár, natúr vízi jácint/tengerifű, 32x33x32 cm;IKEA;online (ikea.com/hu) + áruház (Budaörs);vízi jácint és tengerifű kombinált fonat, natúr;32x33 cm, magasság 32 cm;5990;;4;23960;https://www.ikea.com/hu/hu/p/lustigkurre-kosar-natur-vizi-jacint-tengerifu-30457328/;Ugyanaz a méret, mint a KNIPSA, kicsit olcsóbban, vízi jácint/tengerifű keverék fonattal – a brief kifejezetten említi a vízi jácintot is, ez a család erre a lehetőségre a válasz.;A vízi jácint szál kicsit durvább mintázatú, mint a sima tengerifű – egymás mellett érdemes megnézni, hogy stílusban illik-e a KNIPSA mellé.;termékoldal;2026-09-20;200
00-altalanos-hangulat;Fonott tárolókosár (nagy, fedeles);prémium;Tengerifű tárolókosár szett 2 db-os, 40x60x21 cm, Tossa (Kave Home);Bonami;online (bonami.hu), házhozszállítás;tengerifű, natúr, fedéllel;40x60x21 cm (2 db-os szett, két mérettel);45340;utolsó raktáron lévő darab a termékoldal szerint;1;45340;https://www.bonami.hu/p/tengerifu-tarolokosar-szett-2-db-os-40x60x21-cm-tossa-kave-home;Fedeles, nagy méretű tengerifű kosárszett – a kisbabás háztartáshoz ajánlott 'zárt tárolás szem­magasság alatt' elvet szolgálja (pl. plédek, játékok elrejtve), miközben a fonott rost megjelenés megmarad.;"Jóval drágább, mint az IKEA darabok; a termékoldal szerint ez az utolsó raktáron lévő készlet, utánrendelhetőségét érdemes ellenőrizni vásárlás előtt.";termékoldal;2026-09-20;200
00-altalanos-hangulat;Fonott tárolókosár (nagy, ~54 cm);ajánlott;SNIDAD kosár, rattan, 54x39 cm;IKEA;online (ikea.com/hu) + áruház (Budaörs);kézzel font rattan, natúr;54x39 cm;11990;;2;23980;https://www.ikea.com/hu/hu/p/snidad-kosar-rattan-30394944/;A család legnagyobb, önálló 'szoborszerű' darabja – pléd- vagy fatároló a nappaliban/előszobában, ami nagy, letisztult felületként illik az irányelv 'kevesebb, de nagyobb tárgy' elvéhez.;"Rattan, nem tengerifű – kicsit nyíltabb fonású és világosabb, mint a KNIPSA/FLÅDIS pár; mintaegyeztetés ajánlott, ha teljesen egynemű családot szeretnének.";termékoldal;2026-09-20;200
00-altalanos-hangulat;Fényszűrő len függöny;ajánlott;DYTÅG Függönypár, fehér;IKEA;online (ikea.com/hu) + áruház (Budaörs);100% lenvászon, fehér (törtfehérhez közeli);145x300 cm/db, párban (2 db/csomag);34990;/pár;11;384890;https://www.ikea.com/hu/hu/p/dytag-fueggoenypar-feher-fueggoenyrancolo-szalaggal-20466719/;Valódi 100% len, fényszűrő, 300 cm hosszú – pontosan az irányelv kérése (len/len hatású, törtfehér-bézs, a krém bézs nyílászáróhoz hangolva). A 11 ablakhoz 11 csomag (ablakonként 1 pár = 2x145 cm ≈ 2x a szokásos ablakszélesség) szükséges, szélesebb ablaknál 2 pár kombinálandó.;A név szerint 'fehér', a termékoldal szövege szerint a valódi len rostszíne miatt enyhén törtfehér árnyalatú – mintát érdemes kérni a krém bézs nyílászáróhoz illesztéshez.;termékoldal;2026-09-20;200
00-altalanos-hangulat;Fényszűrő len függöny;prémium;Daytime len függöny (Linen Tales), bézs/natúr;Bonami;online (bonami.hu), házhoz szállítás Magyarországra;100% lenvászon, natúr/bézs, European Flax + OEKO-TEX tanúsítvánnyal;130x275 cm/db – párhoz 2 db szükséges (≈260 cm együttes szélesség);30190;/db;2;60380;https://www.bonami.hu/p/daytime-kozepen-elhuzhato-bezs-vaszonfuggony-275-x-140-cm-linen-tales;Kézzel készített, litvániai valódi len, tanúsított (European Flax, OEKO-TEX), előmosott – prémium tapintás és minőség a fő nappalikba/hálóba, ahol számít a textil súlya és esése.;"Darabár – egy ablakhoz 2 db kell (≈60 380 Ft/ablak); a len természetéből adódóan darabonként lehet apró színeltérés.";termékoldal;2026-09-20;200
00-altalanos-hangulat;Fényszűrő len hatású függöny;olcsóbb;LENDA Függöny elkötővel 1 pár, törtfehér;IKEA;online (ikea.com/hu) + áruház (Budaörs);100% pamut (min. 50% újrahasznosított), törtfehér;140x250 cm, párban;11990;/pár;11;131890;https://www.ikea.com/hu/hu/p/lenda-fueggoeny-elkoetovel-1-par-toertfeher-fueggoenyrancolo-szalaggal-10633243/;Jóval olcsóbb fényszűrő alternatíva, törtfehér, elkötővel – 250 cm-es hossza még a hosszú, 'tócsázó' kategóriába esik.;"Nem len, hanem pamut – az irányelv textúráját (len fonat) nem adja vissza, csak a színt és a fényszűrést; rövidebb is (250 cm), mint a DYTÅG.";termékoldal;2026-09-20;200
00-altalanos-hangulat;LED izzó E14, 2700K, CRI90+, szabályozható;ajánlott;SOLHETTA LED-es izzó E14 806 lumen, fényereje szabh, kerek opálfehér, 45 mm;IKEA;online (ikea.com/hu) + áruház (Budaörs);opálfehér búra, 2700K;806 lumen, E14, 45 mm;1790;/2 db;5;8950;https://www.ikea.com/hu/hu/p/solhetta-led-es-izzo-e14-806-lumen-fenyereje-szabh-kerek-opalfeh-90549330/;Ugyanaz a SOLHETTA család E14-es foglalatra: a termékoldal itt is explicit CRI 90-et és 2700K-t ad meg, szabályozható fényerővel – egységes fényminőség csillárokhoz/kisebb lámpatestekhez.;;termékoldal;2026-09-20;200
00-altalanos-hangulat;LED izzó E27, 2700K, CRI90+, szabályozható;ajánlott;SOLHETTA LED izzó E27 806 lumen, fényereje szabályozható, kerek opálfehér;IKEA;online (ikea.com/hu) + áruház (Budaörs);opálfehér búra, 2700K;806 lumen, E27, Ø kb. 60 mm;1990;/2 db;5;9950;https://www.ikea.com/hu/hu/p/solhetta-led-izzo-e27-806-lumen-fenyereje-szabh-kerek-opalfeh-60583924/;A termékoldal kifejezetten kimondja: 'Az izzó indexe 90' (CRI 90) és 2700K melegfehér, fényereje szabályozható – pontosan az irányelv kérése, és rendkívül olcsó (kb. 995 Ft/db).;;termékoldal;2026-09-20;200
00-altalanos-hangulat;LED izzó E27, prémium márka, CRI90+;prémium;Philips E27 Master Value LED 3,4W 470lm, CRI90, 2700K, szabályozható;Lumenet;online (lumenet.hu), házhoz szállítás Magyarországra;CRI90, 2700K meleg fehér;470 lumen, E27, 3,4 W (40W izzó helyett);1677;/db;5;8385;https://lumenet.hu/philips-e27-master-value-led-34w-470lm-cri90-2700k;Neves márka (Philips Master Value), a címben és a specifikációban is explicit CRI90 és 2700K – hosszabb garanciájú, professzionális vonal a nappali fő lámpatestjeibe.;;termékoldal;2026-09-20;200
00-altalanos-hangulat;LED izzó GU10, 2700K, CRI90+, szabályozható;ajánlott;SOLHETTA LED-es izzó GU10 345 lumen, fényereje szabályozható;IKEA;online (ikea.com/hu) + áruház (Budaörs);2700K meleg fehér;345 lumen, GU10;1290;/db;6;7740;https://www.ikea.com/hu/hu/p/solhetta-led-es-izzo-gu10-345-lumen-fenyereje-szabh-20584096/;A termékoldal explicit módon 'Az izzó indexe 90'-et ír, 2700K-t és szabályozhatóságot – spotlámpákhoz (pl. konyhasziget, olvasófotel melletti spot) ez a legolcsóbb, dokumentáltan CRI90-es GU10 megoldás.;;termékoldal;2026-09-20;200
00-altalanos-hangulat;LED izzó GU10, prémium márka, CRI90+;prémium;Philips GU10 LED 6,2W 575lm, CRI90, 2200-2700K WarmGlow, szabályozható;eMAG;online (emag.hu), házhoz szállítás Magyarországra;CRI90 (Ra:90), 2200-2700K WarmGlow (lehalványításkor melegebb tónusra vált);575 lumen, GU10, 6,2 W (80W izzó helyett);7565;/db;6;45390;https://www.emag.hu/philips-gu10-led-6-2w-575lm-cri90-2200-2700k-warmglow-dim-80w-izzo-helyett-8718699774097/pd/DZ8CJHMBM/;A termékoldal explicit 'Ra: 90'-et ad meg, és a WarmGlow funkció lehalványításkor 2700K-ról egészen 2200K-ig melegszik – esti hangulatfényhez ez a legszebb, izzófényhez leginkább hasonló viselkedés.;Jóval drágább, mint az IKEA SOLHETTA – csak néhány kiemelt lámpatestbe (pl. olvasófotel melletti spot) érdemes ebből venni.;termékoldal;2026-09-20;200
00-altalanos-hangulat;Matt kerámia kaspó (kicsi);ajánlott;PERSILLADE Kaspó, világosbézs, 12 cm;IKEA;online (ikea.com/hu) + áruház (Budaörs);fajansz kerámia, porfestett matt bevonat, világosbézs (homok);Ø 14 cm (belső Ø 13 cm), magasság 13 cm;995;;3;2985;https://www.ikea.com/hu/hu/p/persillade-kaspo-vilagosbezs-90606797/;Matt, kézzel készültnek ható fajansz kaspó homok/bézs tónusban – kis cserepes növényekhez a polcokra, konyhapultra a mesterpaletta 'sandstone-look, matt' elve szerint.;;termékoldal;2026-09-20;200
00-altalanos-hangulat;Matt kerámia kaspó (közepes);ajánlott;PERSILLADE Kaspó, világosbézs, 19 cm;IKEA;online (ikea.com/hu) + áruház (Budaörs);fajansz kerámia, porfestett matt bevonat, világosbézs (homok);Ø 19 cm;3690;;3;11070;https://www.ikea.com/hu/hu/p/persillade-kaspo-vilagosbezs-50606799/;Ugyanaz a matt homokszín család, közepes méretben – nappaliban, hálóban egy-egy nagyobb szobanövényhez, vizuálisan egységes a kis mérettel.;;termékoldal;2026-09-20;200
00-altalanos-hangulat;Matt kerámia kaspó (nagy);prémium;KÖRSBÄRSBJÖRK Kaspó, világosszürke-bézs, 24 cm;IKEA;online (ikea.com/hu) + áruház (Budaörs);fajansz kerámia, porfestett matt bevonat, világosszürke-bézs;Ø 24 cm;5490;;2;10980;https://www.ikea.com/hu/hu/p/koersbaersbjoerk-kaspo-vilagosszuerke-bezs-60591721/;A homok/bézs kaspócsalád legnagyobb tagja, enyhén szürkébe hajló tónussal – a kis olajfához vagy nagyobb zöld növényhez, ha a teljes fonott-kerámia mix nem monoton akar lenni.;"Kicsit szürkébb, mint a PERSILLADE világosbézs; egymás mellett érdemes megnézni, elég közeliek-e.";termékoldal;2026-09-20;200
00-altalanos-hangulat;Matt kerámia váza (kézműves, homok/bézs);ajánlott;BLODBJÖRK Váza, bézs, 16 cm;IKEA;online (ikea.com/hu) + áruház (Budaörs);kőedény, színezett matt zománc, fröcskölt hatású pöttyös mintázattal, bézs/homok;magasság 16 cm, Ø 18 cm;4990;;2;9980;https://www.ikea.com/hu/hu/p/blodbjoerk-vaza-bezs-90607297/;Kézzel készültnek ható, matt, homok/bézs tónusú kőedény váza – az irányelv 'egy-két kézműves kerámia tárgy' pontja polcra, konzolra.;;termékoldal;2026-09-20;200
00-altalanos-hangulat;Matt kerámia váza (kézműves, homok/bézs);prémium;BLODBJÖRK Váza, bézs, 25 cm;IKEA;online (ikea.com/hu) + áruház (Budaörs);kőedény, színezett matt zománc, fröcskölt hatású pöttyös mintázattal, bézs/homok;magasság 25 cm, Ø 18 cm;8490;;1;8490;https://www.ikea.com/hu/hu/p/blodbjoerk-vaza-bezs-90637727/;Ugyanaz a kézműves textúra nagyobb, önálló méretben – dohányzóasztalra vagy nagy konzolra önmagában is megállja a helyét egy-két száraz ággal.;;termékoldal;2026-09-20;200
00-altalanos-hangulat;Matt kerámia váza (zsályazöld);ajánlott;KORNSPARV Váza, zöld, 12 cm;IKEA;online (ikea.com/hu) + áruház (Budaörs);kőedény, pigmentált (reaktív) glazúr, tompa, dústott zöld – darabonként kicsit eltérő árnyalat;magasság 12 cm, Ø 10 cm;2490;;1;2490;https://www.ikea.com/hu/hu/p/kornsparv-vaza-zoeld-20637740/;Kicsi zöld kerámia tárgy – az irányelv 'zöld a palettában, nem csak a cserépben' elve szerint ez adhatja az egyik apró zöld pöttyöt a homok/bézs felületek között.;"A reaktív máz miatt a zöld árnyalat nem garantáltan 'zsályazöld' – inkább tompa, erdőzöld tónus felé hajlik; élőben/fotón érdemes ellenőrizni, mielőtt a textil zsályazöld referenciaként mellé teszik.";termékoldal;2026-09-20;200
00-altalanos-hangulat;Mennyezeti karnissín (fehér, letisztult vonalú alternatíva);prémium;VIDGA Egyes sín készlet, fehér;IKEA;online (ikea.com/hu) + áruház (Budaörs);eloxált/epoxi bevonatú alumínium sín, acetál csúsztatók, fehér;140 cm/db (sín + 2 mennyezeti konzol + 2x24 db csúsztató-horog);5990;/készlet;3;17970;https://www.ikea.com/hu/hu/p/vidga-egyes-sin-keszlet-feher-s49428232/;Mennyezetbe rejtett fehér sín, amely eltűnik a fehér plafonon – letisztultabb megjelenés, mint a klasszikus rúd, jó választás a nappaliban/étkezőben, ahol a plafonhoz simuló, dekoratív rúd nélküli megoldást keresünk.;"A csomag rögzítéshez szükséges csavarokat/tipliket nem tartalmazza; 140 cm-nél szélesebb ablakhoz VIDGA toldóelem vagy második sín (VIDGA fali/mennyezeti alkatrészek, ~700-1500 Ft/db) szükséges.";termékoldal;2026-09-20;200
00-altalanos-hangulat;Okos világítás kezdőcsomag (fényerő- és színhőmérséklet-szabályozás);ajánlott;KAJPLATS Kezdőszett, okos eszköz fehér spektrum, E27;IKEA;online (ikea.com/hu) + áruház (Budaörs);"opálfehér búra; állítható színhőmérséklet 2200/2700/4000/6500K";1 db okosizzó E27 + 1 db távirányító;4490;/szett;2;8980;https://www.ikea.com/hu/hu/p/kajplats-kezdoszett-okos-eszkoez-feher-spektrum-60611446/;A termékoldal explicit CRI 90-et ad meg, és a 4 előre beállított színhőmérséklet egyike pontosan 2700K – távirányítóval hub nélkül is használható, azonnal szabályozható fényerő és fénytónus a nappaliban/hálóban.;Okostelefonos/app-vezérléshez és automatizáláshoz Matter-kompatibilis hub (pl. IKEA DIRIGERA, kb. 34 990 Ft) szükséges – ez külön kapható, a szettben nincs benne. Az IKEA HU kínálatában a korábbi TRÅDFRI izzók jelenleg nem szerepelnek a keresésben, a KAJPLATS tűnik az aktuális utódvonalnak.;termékoldal;2026-09-20;200
00-altalanos-hangulat;Sötétítő bélés a fényszűrő függöny mögé;ajánlott;GLANSNÄVA Függönnybélés 1 pár, világosszürke;IKEA;online (ikea.com/hu) + áruház (Budaörs);100% poliészter (min. 90% újrahasznosított), világosszürke;143x290 cm, párban;12990;/pár;3;38970;https://www.ikea.com/hu/hu/p/glansnaeva-fueggoennybeles-1-par-vilagosszuerke-70291289/;A fényszűrő len függöny mögé akasztható külön sötétítő réteg a hálóba és a 2 gyerekszobába (nem színes sötétítő függöny helyettesíti, ahogy az irányelv kéri) – dupla rúdon (l. HUGAD/RÄCKA dupla) a fő függönnyel együtt lóg.;"Nem teljes fényzáró, csak jelentősen tompítja a fényt; színe világosszürke, nem törtfehér – mivel a fő függöny mögé kerül, kívülről nem látszik.";termékoldal;2026-09-20;200
00-altalanos-hangulat;Sötétítő roló;olcsóbb;FRIDANS Sötétítő roló, fehér;IKEA;online (ikea.com/hu) + áruház (Budaörs);poliészter, fehér;100x195 cm (60/80/100/120/140x195 cm méretekben is kapható);9990;;3;29970;https://www.ikea.com/hu/hu/p/fridans-soetetito-rolo-feher-30396858/;"Önálló, olcsó sötétítő roló megoldás a háló + 2 gyerekszoba ablakára, ha bélés helyett rolót választunk; fehér színben illik a krém bézs nyílászáróhoz.";"Alap kivitel, kézi behúzású; nem 100%-ban fényzáró a kávafogazás miatt (oldalt/alul szűrődhet be némi fény).";termékoldal;2026-09-20;200
00-altalanos-hangulat;Sötétítő roló;prémium;TRETUR Sötétítő roló, világosszürke;IKEA;online (ikea.com/hu) + áruház (Budaörs);poliészter (min. 90% újrahasznosított), alumínium sín, világosszürke;120x195 cm (60/80/100/120/140x195 cm méretekben is kapható);17990;;3;53970;https://www.ikea.com/hu/hu/p/tretur-soetetito-rolo-vilagosszuerke-40380989/;Vastagabb, jobb fényzáró anyag és minőségibb kivitel, mint a FRIDANS – halkabb, finoman gördülő mechanika, ami kisbabás szobában a délutáni altatáshoz fontos.;Világosszürke, nem törtfehér/bézs – takarásban (ablakmélyedésben) ez nem zavaró, de látható rolóként színben elüt a többi textiltől.;termékoldal;2026-09-20;200
00-altalanos-hangulat;Zsinórbiztonság (roló/függöny zsinórjához);ajánlott;Zsinórfeszítő (alumínium karnisokhoz);Függönymester;online (fuggonymester.hu), házhoz szállítás Magyarországra;fém;falra szerelhető zsinórfeszítő szerelvény;3600;/db;3;10800;https://fuggonymester.hu/termek/zsinorfeszito/;Falra rögzítve feszesen tartja és rendben tartja a húzózsinórt, így az nem lóg le hurokban gyerekmagasságba – ez a kisbabás háztartás 'kábelek és zsinórok rögzítve legyenek' szabályát szolgálja a redőnyös/zsinóros ablakoknál.;Nem kifejezetten bababiztonsági termékként hirdetve (nincs 'gyerekbiztonság' feliratozás a terméken), hanem általános zsinórfeszítő szerelvény – funkciója (zsinór rögzítése, nem lóg szabadon) viszont megfelel a célnak. Kifejezetten 'zsinórrövidítő' vagy CE-jelzett gyerekbiztonsági kalapocs/klip magyar webshopban nem került elő ellenőrizhető termékoldalon.;termékoldal;2026-09-20;200
00-altalanos-hangulat;Átlátszó filament izzó a fonott (rattan) ernyőkhöz;ajánlott;LUNNOM LED izzó E27 470 lumen, fényereje szabályozható, kerek, átlátszó üveg;IKEA;online (ikea.com/hu) + áruház (Budaörs);átlátszó üveg, jól látható sárga izzószállal;470 lumen, E27, Ø 95 mm;1990;/db;3;5970;https://www.ikea.com/hu/hu/p/lunnom-led-izzo-e27-470-lumen-fenyereje-szabh-kerek-atlatszo-ueveg-40614827/;Átlátszó, jól látható izzószálas kivitel – a fonott (rattan/bambusz) lyukacsos ernyőbe pont ez kell, hogy a mintás fény vetüljön a falra, ahogy az irányelv a 'Világítás' fejezetben kéri.;"A termékoldal szerint 2200K (nem pontosan 2700K) és CRI 80 (nem 90) – ez a klasszikus 'Edison-izzó' meleg, sárgás fényhatás miatt van így; ha a szigorú 2700K/CRI90 fontosabb, mint a látható izzószál, inkább egy opál SOLHETTA izzót érdemes ide tenni.";termékoldal;2026-09-20;200
00-altalanos-hangulat;Élő növény – olajfa;ajánlott;Olajfa magassága kb. 140-150 cm, cserépátmérő kb. 24 cm (Olea europaea);OBI;online (obi.hu), átvehető OBI áruházban;élő növény, ezüstös-zöld levelű, műanyag szállítócserépben;magasság kb. 140-150 cm, cserépátmérő kb. 24 cm;20990;;1;20990;https://www.obi.hu/olajfak/olajfa-magassaga-kb-140-150-cm-cserepatmero-kb-24-cm-olea-europaea/p/5248000;Valódi olajfa, statement-méretben – az irányelv 'élő zöld: olajfa, eukaliptusz ág' pontjának fő darabja, a nappaliba vagy az előszoba fényes sarkába.;"A szállítási cserép nem dísztárgy, a végleges nagy kaspót külön kell hozzá választani; télen fagymentes, világos helyre kell tenni.";termékoldal;2026-09-20;200
00-altalanos-hangulat;Élő növény – olajfa;olcsóbb;Olajfa magassága kb. 55-60 cm, cserépátmérő kb. 14 cm (Olea europaea);OBI;online (obi.hu), átvehető OBI áruházban;élő növény, ezüstös-zöld levelű, műanyag szállítócserépben;magasság kb. 55-60 cm, cserépátmérő kb. 14 cm;5999;;1;5999;https://www.obi.hu/olajfak/olajfa-magassaga-kb-55-60-cm-cserepatmero-kb-14-cm-olea-europaea/p/5248034;Kisebb, asztalra/polcra való olajfa ugyanabból a fajtából – ha a nagy méretű darab egyelőre nem fér bele a büdzsébe, ezzel is behozható a 'valódi élő zöld' elem.;Kis mérete miatt inkább kiegészítő, nem helyettesíti a nagy, tér-meghatározó olajfát.;termékoldal;2026-09-20;200
01-eloszoba;Cipősszekrény;ajánlott;STÄLL Cipősszekrény, 4 részes, tölgy furnér;IKEA;online (ikea.com/hu) + áruház (Budaörs);tölgy furnér felső- és oldallap, fiókfront, tömör tölgy láb átlátszó akril lakkal, polipropilén fiókbetét;96x17x90 cm, kb. 8 pár cipőnek, 4 fiók;59990;;1;59990;https://www.ikea.com/hu/hu/p/staell-ciposszekreny-4-reszes-toelgy-furner-40530229/;Valódi tölgy furnér és tömör tölgy láb – a rögzített 'világos-közép tölgy, matt/olajozott' fatónushoz illik, zárt front rejti a sáros erdei cipőt, a látszó láb könnyűvé teszi a nagy, 10,60 m²-es előszobát.;Falhoz kell rögzíteni (mellékelt szerelvénnyel, előfúrt lyukak) – ezt telepítéskor be kell tartani.;termékoldal;2026-09-20;200
01-eloszoba;Cipősszekrény;olcsóbb;BISSA Cipősszekrény, 3 részes, tölgyfa hatású;IKEA;online (ikea.com/hu) + áruház (Budaörs);forgácslap, papírfólia tölgy dekorral (nem valódi fa), műanyag élzáró;49x28x135 cm;19990;akciós, eredeti ár 24 990 Ft;1;19990;https://www.ikea.com/hu/hu/p/bissa-ciposszekreny-3-reszes-toelgyfa-hatasu-10530221/;"Karcsú (28 cm mély), magas, zárt cipőtároló – a legolcsóbb elfogadható belépő, ha a keret szűkebb; a magas, keskeny forma jól illik egy szűkebb falszakaszra a nagy előszobában.";"Fólia, nem valódi tölgy furnér – közelről és élettartamban gyengébb, mint a STÄLL; falhoz rögzítendő, a csavarokat a falazat típusához külön kell venni.";termékoldal;2026-09-20;200
01-eloszoba;Cipősszekrény;prémium;Naia cipőtartó, natúr tölgyfa dekor (Tvilum);Bonami;online (bonami.hu), házhozszállítással;forgácslap, tölgyfa dekor papírfólia, matt felület;109x93x32 cm, 12 pár cipőnek, 2 billenő ajtó + zárt rekesz + 1 fiók;63380;akciós, eredeti ár 81 090 Ft;1;63380;https://www.bonami.hu/p/natur-szinu-billeno-ajtos-cipotarto-tolgyfa-dekorral-109x93x32-cm-naia-tvilum;A legnagyobb és legtöbb funkciót adó zárt tároló a három közül: külön fiók (kulcs, kesztyű), zárt rekesz és két billenő ajtó – a szokatlanul nagy (10,60 m²) előszobában elfér, és a legtöbb cipőt/kiegészítőt rejti zártan.;Ez is dekorfóliás forgácslap, nem valódi tölgy – az ár a méret és a funkció (fiók+rekesz) miatt magasabb, nem az alapanyag miatt.;termékoldal;2026-09-20;200
01-eloszoba;Csizmatálca;ajánlott;BAGGMUCK Cipőtartó (csizma-/cipőtálca), bel/kültéri, szürke;IKEA;online (ikea.com/hu) + áruház (Budaörs);polipropilén műanyag (min. 20% újrahasznosított anyag), szürke;71x35 cm;1290;/db;1;1290;https://www.ikea.com/hu/hu/p/baggmuck-cipotarto-bel-kuelter-szuerke-60329711/;Magas peremű tálca, ami a sáros/havas cipőről lecsöpögő vizet és sarat összegyűjti – erdős telken ez a zárt cipőszekrény elé/alá kerülve véd a padlótól.;Egyszerű műanyag tálca, nem dekoratív elem – a zárt szekrény elé vagy alá érdemes rejteni.;termékoldal;2026-09-20;200
01-eloszoba;Fali akasztó / fogas;ajánlott;HÖVOLM Fogas+6 gombfogantyú, tölgy;IKEA;online (ikea.com/hu) + áruház (Budaörs);tömör tölgy, átlátszó poliuretán/akril lakkozás;57x5x5 cm, 6 gombfogantyúval;5490;;1;5490;https://www.ikea.com/hu/hu/p/hoevolm-fogas-6-gombfogantyu-toelgy-10500059/;Valódi tömör tölgy, 6 gombbal – a 'fogas tölgyben' igényt hozza, néhány vendégkabátnak elég egy szűkebb falszakaszon is.;Kis méretű (57 cm), nagyobb családi forgalomhoz érdemes a matt fekete TJUSIG-gal kiegészíteni.;termékoldal;2026-09-20;200
01-eloszoba;Fonott kosár;ajánlott;KNIPSA Kosár, tengerifű, 32x33x32 cm;IKEA;online (ikea.com/hu) + áruház (Budaörs);acélváz köré font tengerifű, kézzel fonott;32x33x32 cm;6990;/db;2;13980;https://www.ikea.com/hu/hu/p/knipsa-kosar-tengerifu-20110540/;Kézzel font, valódi tengerifű kosár sáloknak, kesztyűknek, játéknak – a 'fonott rost minden helyiségben megjelenhet' elvet hozza, és zárt (kosárban rejtett) tárolás a szemmagasság alatt, ami kisgyereknél praktikus.;Nyitott tetejű, nem csukható – ha a tartalmat teljesen rejteni kell, fedeles doboz jobb választás.;termékoldal;2026-09-20;200
01-eloszoba;Gardróbszekrény (kabátnak);ajánlott;FÅGELFJÄLLET Gardrób 2 ajtóval, törtfehér;IKEA;online (ikea.com/hu) + áruház (Budaörs);forgácslap papírfólia, törtfehér, farostlemez hátlap, sárgaréz hatású fogantyú;82x60x194 cm, akasztórúddal és polcokkal;79990;;1;79990;https://www.ikea.com/hu/hu/p/fagelfjaellet-gardrob-2-ajtoval-toertfeher-40598610/;"Törtfehér (nem hideg fehér) szín illik a ház meleg fehér falához; zárt, akasztórudas belső rejti a nedves kabátot és a sáros lábbelit – az erdős telek miatt ez fontosabb, mint egy nyitott fogas.";"Falhoz kell rögzíteni (felborulás elleni szerelvénnyel); a fogantyú sárgaréz hatású – ha a ház végül a matt fekete vasalat mellett dönt, ezt érdemes lecserélni.";termékoldal;2026-09-20;200
01-eloszoba;Gardróbszekrény (kabátnak);olcsóbb;KLEPPSTAD Gardrób 2 ajtóval, fehér;IKEA;online (ikea.com/hu) + áruház (Budaörs);forgácslap papírfólia, fehér, farostlemez hátlap dombornyomott akril festékkel;79x55x176 cm;34990;;1;34990;https://www.ikea.com/hu/hu/p/kleppstad-gardrob-2-ajtoval-feher-80437234/;Legolcsóbb zárt, ajtós gardrób a listán – kisebb és sekélyebb, de teljesen elrejti a kabátot és a sáros cipőt, ha a büdzsé szűkebb.;"Alacsonyabb (176 cm) és sekélyebb (55 cm) a másik kettőnél, kevesebb akasztott ruha fér el benne; falhoz rögzítendő.";termékoldal;2026-09-20;200
01-eloszoba;Gardróbszekrény (kabátnak);prémium;PAX / FORSAND Gardrób, fehérre pácolt tölgy hatás;IKEA;online (ikea.com/hu) + áruház (Budaörs);"PAX váz: forgácslap/farostlemez papírfólia; FORSAND ajtó: forgács-/farostlemez méhsejt papírtöltettel, fehérre pácolt tölgy hatású fólia (nem valódi furnér)";150x60x201,2 cm;175500;;1;175500;https://www.ikea.com/hu/hu/p/pax-forsand-gardrob-feherre-pacolt-toelgy-hatas-feherre-pacolt-toelgy-hatas-s59286091/;"Moduláris PAX rendszer fehérre pácolt tölgy hatású ajtóval – a 'fehér + tölgy' páros hozza a ház alaphangját (fehér fal, krém bézs ajtó, tölgy bútor) a legnagyobb egybefüggő zárt felületen; 150 cm szélesen elég hely több kabátnak és babakocsi-kiegészítőnek is.";"Az ajtó papírfólia, nem valódi tölgy furnér; a PAX beltér (polc, rúd, fiók) külön tétel, ebbe az árba nincs beleszámolva. Falhoz rögzítendő.";termékoldal;2026-09-20;200
01-eloszoba;Kulcstartó polc;ajánlott;KLAVRESTRÖM Falipolc, tölgy;IKEA;online (ikea.com/hu) + áruház (Budaörs);tömör tölgy, átlátszó akril lakkozás;60x17x20 cm, terhelhetőség 7 kg;13990;;1;13990;https://www.ikea.com/hu/hu/p/klavrestroem-falipolc-toelgy-30601689/;"Valódi tömör tölgy falipolc – kulcsnak, kis tárgyaknak való, a ház egységes tölgy fatónusát hozza az előszoba szemmagasságú falára; a szabály szerint a felület legalább harmada maradjon üresen rajta.";"A rögzítő csavarok/tiplik nincsenek mellékelve, a falazat típusához külön kell választani; 7 kg-os terhelési határ, kulcsnál/apró tárgynál ez bőven elég.";termékoldal;2026-09-20;200
01-eloszoba;Lábtörlő (kültéri);ajánlott;Lábtörlő NAVR 40x60x3, kókusz natúr/fekete;JYSK;online (jysk.hu) + áruház (Pilisvörösvár, Budaörs);természetes kókuszrost, natúr/fekete;40x60x3 cm;6500;;1;6500;https://jysk.hu/lakberendezes/labtorlok/labtorlo-navr-40x60x3-kokusz-natur-fekete;"Valódi kókuszrost lábtörlő a bejárat külső oldalára – ez fogja fel a sarat és a nedvességet, mielőtt a homokszínű beltéri padlóra kerülne; jól bevált (4,6/5, 41 értékelés).";Csak kültérre/fedett bejáratra való, nem mosógépben mosható – rendszeres kirázást/porszívózást igényel.;termékoldal;2026-09-20;200
01-eloszoba;Mennyezeti lámpa;ajánlott;NARRKOLV Függőlámpa, rattan, 56 cm;IKEA;online (ikea.com/hu) + áruház (Budaörs);pácolt rattan ernyő, porfestett acél mennyezeti elem;Ø 56 cm, magasság 14 cm, E27 foglalat;19990;;1;19990;https://www.ikea.com/hu/hu/p/narrkolv-fueggolampa-rattan-00594341/;Fonott rattan ernyő meleg, mintás fényt vet a falra – a világítási fejezet 'fonott lámpaernyő' ajánlását adja az előszoba egyetlen mennyezeti lámpájaként.;Izzó külön vásárlandó – E27, 2700 K, CRI 90+ átlátszó LED izzót kell hozzá választani, hogy a falra vetülő minta és a fényminőség is megfelelő legyen.;termékoldal;2026-09-20;200
01-eloszoba;Mennyezeti lámpa;olcsóbb;SUNNEBY/MOLNART Függőlámpa izzóval, fekete/fánk alakú opálfehér;IKEA;online (ikea.com/hu) + áruház (Budaörs);üveg (fánk alakú opálfehér ernyő), fekete textilkábel, polipropilén mennyezeti elem;izzó mag. 150 mm, kábel 1,8 m;8490;izzóval együtt;1;8490;https://www.ikea.com/hu/hu/p/sunneby-molnart-fueggolampa-izzoval-fekete-fank-alaku-opalfeh-s29581786/;Opálfehér üvegernyő matt fekete kábellel – a 'rattan vagy opál üveg, matt fekete részletek' kérés olcsóbb, egyenletes fényt adó változata, jó kiegészítő/másodlagos lámpa a rattan mellé.;A mellékelt izzó 2400 K és CRI 80 – ez hidegebb és gyengébb színvisszaadású, mint a ház rögzített 2700 K/CRI 90+ elve, ezért érdemes külön, megfelelő LED izzóra cserélni.;termékoldal;2026-09-20;200
01-eloszoba;Nagy kaspó (olajfának);ajánlott;TÖRNBÄR Kaspó, banánrost, kézzel készült, 32 cm;IKEA;online (ikea.com/hu) + áruház (Budaörs);kézzel font banánrost, lakkozott, polipropilén belső cserép (min. 50% újrahasznosított);Ø 32 cm (max. cserépátmérő), külső Ø 37 cm, magasság 35 cm;13990;akciós, eredeti ár 18 990 Ft;1;13990;https://www.ikea.com/hu/hu/p/toernbaer-kaspo-bananrost-kezzel-keszuelt-70524707/;Nagyméretű, kézzel font natúr kosár-kaspó vízálló belső cseréppel – a nagy előszobában ez adja a padlóra kerülő olajfa/eukaliptusz keretét.;"A brief matt kerámia kaspót kért, de jelenleg elérhető, valóban nagy méretű (Ø35–40 cm+) matt kerámia kültéri/beltéri kaspót egyik ellenőrzött boltban sem találtam készleten (a Praktiker hasonló kerámia és polystone darabjai kifutottak/nem rendelhetők) – ez a fonott kosár-kaspó a stílushoz jobban illő, ténylegesen kapható helyettesítő; kerámia kaspóért érdemes helyi kertészetet/dekorboltot személyesen felkeresni.";termékoldal;2026-09-20;200
01-eloszoba;Pad;ajánlott;SKOGSTA Pad tárolóval, akác/fekete;IKEA;online (ikea.com/hu) + áruház (Budaörs);tömör akácfa ülőlap és polc, matt fekete tömör akác láb és keret;120x46x45 cm, 2-3 személyes, alsó tárolópolccal;49990;;1;49990;https://www.ikea.com/hu/hu/p/skogsta-pad-taroloval-akac-fekete-10593807/;Tömör fa pad látszó, matt fekete lábbal – pontosan a 'látszó láb + egy fémtípus, matt fekete' formaelvet hozza, alsó polca cipőnek/táskának való nyitott tárolás.;"Az akác gazdag, melegebb barna, idővel tovább sötétedik – ez melegebb tónus, mint a rögzített világos-közép tölgy; helyszínen érdemes mintát nézni a krém bézs ajtó mellett.";termékoldal;2026-09-20;200
01-eloszoba;Pad;olcsóbb;Pad BADSTED tárolóval, világosszürke szövet/tölgyszínű;JYSK;online (jysk.hu) + áruház (Pilisvörösvár, Budaörs);poliészter szövethuzat, tömör gumifa láb tölgy színben pácolva, MDF+nyírfa furnér váz, PU habszivacs;95x45x37 cm, ülés alatti tárolórekesszel;36900;/db;1;36900;https://jysk.hu/eloszoba/eloszobabutorok/padok/pad-badsted-taroloval-vilagosszurke-szovet-tolgyszinu;Kedvezőbb árú, tölgy színű lábú, tárolós pad – jó belépő megoldás, ha a fa pad ára nem fér a keretbe, és így is jut zárt tárolóhely a huzat alá.;"A láb gumifa, tölgy színben pácolva, nem valódi tölgy; a szövethuzat levehető/mosható volta a termékoldalon nincs feltüntetve – kisbabás háztartáshoz érdemes rákérdezni vásárlás előtt.";termékoldal;2026-09-20;200
01-eloszoba;Pad;prémium;TOLKNING Pad tárolóval, kézzel készült rattan;IKEA;online (ikea.com/hu) + áruház (Budaörs);kézzel font rattan váz és kötözés, tömör fenyő belső szerkezet, bambuszszál ülőrész, áttetsző akril lakk;120x37x46 cm, rejtett tárolóval az ülés alatt, 130 kg-ig terhelhető;64990;;1;64990;https://www.ikea.com/hu/hu/p/tolkning-pad-taroloval-kezzel-keszuelt-rattan-80512657/;A shopping lista kifejezetten 'fonott üléses' padot kér – ez kézzel font rattannal hozza legjobban a ház 'a fonott rost minden helyiségben megjelenhet' elvét, és zárt tárolóval is jár.;Száraz, egyenletes hőmérsékletű helyre való, csak száraz ruhával tisztítható – nedves kabátot ne rá, hanem a zárt szekrénybe kell tenni.;termékoldal;2026-09-20;200
01-eloszoba;Szőnyeg;ajánlott;MORUM Szőnyeg, síkszövött, bel/kültéri, bézs;IKEA;online (ikea.com/hu) + áruház (Budaörs);100% polipropilén, szintetikus gumi hátoldal, bézs;200x300 cm, 5 mm vastag;29990;;1;29990;https://www.ikea.com/hu/hu/p/morum-szonyeg-sikszoevoett-bel-kuelteri-bezs-80198295/;Nagy méretű (200x300 cm), mosható/lekefélhető bel-kültéri PP szőnyeg, homok-bézs tónusban – pontosan a brief 'mosható, strapabíró, natúr-bézs' kérése, és a szokatlanul nagy (10,60 m²) előszobában valóban méretes felületet ad.;Nem valódi juta, hanem juta-hatású polipropilén – ez viszont pont a mosható/strapabíró elvárás miatt előny, nem hátrány, kisbabás háztartásban.;termékoldal;2026-09-20;200
01-eloszoba;Szőnyeg;olcsóbb;FULLMAKT Szőnyeg, síkszövött, bel/kültéri, bézs/kevert;IKEA;online (ikea.com/hu) + áruház (Budaörs);100% poliészter (min. 90% újrahasznosított), bézs/kevert;80x150 cm;16990;;1;16990;https://www.ikea.com/hu/hu/p/fullmakt-szonyeg-sikszoevoett-bel-kuelteri-bezs-kevert-60573114/;Kisebb, kedvezőbb árú mosható futószőnyeg-méret – jó megoldás, ha csak a bejárat elé kell egy kisebb, letörölhető darab a nagy MORUM helyett vagy mellé.;Kézzel, max. 40°C-on mosható, nem szárítógépben – vasalni és vegytisztítani sem szabad.;termékoldal;2026-09-20;200
01-eloszoba;Tükör;ajánlott;STOCKHOLM Tükör, tölgy furnér, 80 cm;IKEA;online (ikea.com/hu) + áruház (Budaörs);réteg-ragasztott fafurnér, valódi tölgy furnér, színezett lakk;Ø 80 cm, kis polccal az alján;29990;;1;29990;https://www.ikea.com/hu/hu/p/stockholm-tuekoer-toelgy-furner-90591588/;Valódi tölgy furnér keretes, kerek tükör pontosan Ø80 cm-ben – a brief 'nagy kerek tükör világos fa kerettel' kérését hozza, és az ablakkal szemben/arra merőlegesen elhelyezve megduplázza a bejövő fényt.;2 csavarral kell falra szerelni, a csavarokat a falazathoz külön kell választani.;termékoldal;2026-09-20;200
01-eloszoba;Tükör;olcsóbb;GRINSBOL Tükör, rattan, 55 cm;IKEA;online (ikea.com/hu) + áruház (Budaörs);kézzel font rattan, színezett átlátszó akril lakk;Ø 55 cm;10990;;1;10990;https://www.ikea.com/hu/hu/p/grinsbol-tuekoer-rattan-30518464/;Kézzel font rattan keret – a legolcsóbb, valódi fonott rost opció, jó belépő, ha a keretösszeg szűkebb.;Ø 55 cm valamivel kisebb, mint a kért 60–90 cm-es tartomány – egy szűkebb falszakaszra vagy kiegészítő tükörnek jobb, mint egyedüli nagy fókuszpontnak.;termékoldal;2026-09-20;200
01-eloszoba;Tükör;prémium;Fali tükör bambusz kerettel, Ø 60 cm, Blush (Hübsch);Bonami;online (bonami.hu), házhozszállítással;kézzel készített bambusz keret;Ø 60 cm;80450;akciós, eredeti ár 85 590 Ft;1;80450;https://www.bonami.hu/p/fali-tukor-bambusz-kerettel-o-60-cm-blush-hubsch-1;Kézzel készített bambusz keret dán dizájnmárkától (Hübsch) – a fonott rost réteget emeli meg minőségben és megjelenésben a másik kettőhöz képest, Ø60 cm éppen a kért mérettartomány alján.;A mérethez (Ø60 cm) képest a legdrágább darab – az árat a márka és a kézműves kivitel indokolja, nem a méret.;termékoldal;2026-09-20;200
02-konyha;Bárszék;ajánlott;Natúr színű tölgyfa bárszék (ülésmagasság 65 cm) Analy;Bonami (Kave Home);online (bonami.hu), házhozszállítás;tömör tölgyfa váz, kézzel szőtt papírkötél ülőfelület, natúr;ülésmagasság 65 cm;93410;"akciós, eredeti 111 990 Ft; /db";3;280230;https://www.bonami.hu/p/natur-szinu-tolgyfa-barszek-ulesmagassag-65-cm-analy-kave-home;Pontosan a kért anyagpárosítás: tölgyfa váz + fonott papírkötél ülés, FSC-tanúsítvánnyal – ez illik a konyhasziget fa tónusához és a fonott textúra elvhez.;"Csak 1 db azonnal elérhető a fetch idején, rendelhető utánpótlás; ellenőrizd a raktárkészletet vásárlás előtt.";termékoldal;2026-09-20;200
02-konyha;Bárszék;olcsóbb;Natúr színű tölgyfa bárszék (ülésmagasság 65,5 cm) Vander;Bonami (White Label);online (bonami.hu), házhozszállítás;tömör tölgyfa, natúr;ülésmagasság 65,5 cm;66590;/db;3;199770;https://bonami.hu/p/natur-szinu-tolgyfa-barszek-ulesmagassag-65-5-cm-vander-white-label;Tiszta tölgyfa, natúr tónus, a 90 cm-es sziget pulthoz illő 65,5 cm ülésmagasság – jó belépő ár, ha a fonott ülés nem elvárás.;"Nincs rajta fonott/rattan elem, csak tömör fa; a felület fényessége (matt/selyemmatt) az oldalon nincs külön feltüntetve.";termékoldal;2026-09-20;200
02-konyha;Függőlámpa (konyhasziget fölé);ajánlott;SANDKORN / HAVSDJUP Függőlámpa, kézzel készült, rattan;IKEA;online (ikea.com/hu) + áruház (Budaörs, Örs vezér tere, Soroksár);kézzel font natúr rattan, acél foglalat;Ø 45 cm;17490;/db;3;52470;https://www.ikea.com/hu/hu/p/sandkorn-havsdjup-fueggolampa-kezzel-keszuelt-rattan-fekete-s59612786/;Natúr, kézzel font rattan – pontosan az irányelvben kért „fonott lámpaernyő, meleg mintás fény” hatás, 75-85 cm-re függeszthető a pult fölé, 3 db azonos darabban jól fest a szigeten.;Izzó külön vásárlandó (E27, átlátszó LED javasolt a mintás fényhez).;termékoldal;2026-09-20;200
02-konyha;Függőlámpa (konyhasziget fölé);olcsóbb;KAPPELAND / HAVSDJUP Függőlámpa, fekete/rattan;IKEA;online (ikea.com/hu) + áruház (Budaörs, Örs vezér tere, Soroksár);"rattan ernyő, fekete; acél foglalat";Ø 45 cm, magasság 30 cm;15490;/db;3;46470;https://www.ikea.com/hu/hu/p/kappeland-havsdjup-fueggolampa-fekete-rattan-s49604051/;Fonott rattan ernyő, E27-es foglalat – a matt fekete a ház egyetlen fémszíne, így ez a legolcsóbb módja a 2-3 azonos lámpás elrendezésnek a sziget fölött.;A rattan itt feketére van színezve, nem natúr tónusú – kevésbé „erdei” hatású, mint a natúr rattan verziók.;termékoldal;2026-09-20;200
02-konyha;Függőlámpa (konyhasziget fölé);prémium;MISTERHULT Függőlámpa, bambusz, kézzel készült;IKEA;online (ikea.com/hu) + áruház (Budaörs, Örs vezér tere, Soroksár);bambusz, natúr, kézi készítésű;Ø 45 cm, magasság 40 cm;26990;/db;3;80970;https://www.ikea.com/hu/hu/p/misterhult-fueggolampa-bambusz-kezzel-keszuelt-90441018/;Bambusz – az irányelv által elfogadott fonott anyagok egyike, kézi készítésű, egyedi mintázatú ernyő, minőségibb megjelenés a sziget fölé.;Kissé magasabb (40 cm), figyelni kell a 75-85 cm-es függesztési távolságra a pulttól.;termékoldal;2026-09-20;200
02-konyha;Gyümölcskosár;ajánlott;KANELMOTT Kosár zöldséghez/gyümölcshöz, 2 db, bambusz;IKEA;online (ikea.com/hu) + áruház (Budaörs, Örs vezér tere, Soroksár);bambusz és rattan, natúr;34x34x24 cm (2 szintes);14990;/2 db szett;1;14990;https://www.ikea.com/hu/hu/p/kanelmott-kosar-zoeldseghez-gyuemoelcshoez-2-db-bambusz-00581800/;Fonott bambusz/rattan, szellőző kialakítás – pontosan a kért „gyümölcskosár rattanból” elv, két szinten extra tárolóhellyel.;;termékoldal;2026-09-20;200
02-konyha;Kerámia tárolóedény;ajánlott;BRUGDHAJ Fedeles tároló, bézs, 1 l;IKEA;online (ikea.com/hu) + áruház (Budaörs, Örs vezér tere, Soroksár);kőedény (kerámia), színezett mázzal, parafa tető;Ø 13 cm, magasság 12 cm, 1 l;4490;/db;3;13470;https://www.ikea.com/hu/hu/p/brugdhaj-fedeles-tarolo-bezs-30596169/;Matt kerámia bézs tónusban, parafa tetővel – az irányelv matt, természetes felület elvének megfelelő tárolóedény lisztnek, kávénak, tésztának.;A parafa tető csak nedves ruhával törölhető, mosogatógépbe nem kerülhet.;termékoldal;2026-09-20;200
02-konyha;Konyhai futószőnyeg;ajánlott;MORUM Szőnyeg, síkszövött, bel/kültéri, bézs;IKEA;online (ikea.com/hu) + áruház (Budaörs, Örs vezér tere, Soroksár);100% polipropilén, bézs;80x200 cm;7990;/db;1;7990;https://www.ikea.com/hu/hu/p/morum-szonyeg-sikszoevoett-bel-kuelteri-bezs-80624160/;Kézzel mosható, kültéri használatra is jóváhagyott PP anyag – a kisbabás háztartás „letörölhető padlótextil” szűrőjének megfelelő, natúr bézs tónusban.;"Kézi mosás max. 40°C-on; hidegburkolaton csúszásgátló alátét ajánlott.";termékoldal;2026-09-20;200
02-konyha;Pult alatti világítás;ajánlott;MITTLED LED-es konyhai munkalapvilágítás, 60 cm;IKEA;online (ikea.com/hu) + áruház (Budaörs, Örs vezér tere, Soroksár);fehér, LED szalag;60 cm/elem;8990;/db (60 cm-es elem, kb. 3 db szükséges a pult teljes hosszához);3;26970;https://www.ikea.com/hu/hu/p/mittled-led-es-konyhai-munkalapvilagitas-fenyereje-szabh-feher-60528584/;2700 K, CRI 90+ és szabályozható fényerő – ez pont a világítási fejezet kötelező elemének felel meg: pult alatti világítás nélkül a konyha nem teljes.;A fényerő-szabályzáshoz külön TRÅDFRI tápegység és FÖRNIMMA kábel is kell (nem része az alapcsomagnak).;termékoldal;2026-09-20;200
02-konyha;Vágódeszka;ajánlott;SMÅÄTA Vágódeszka, akác;IKEA;online (ikea.com/hu) + áruház (Budaörs, Örs vezér tere, Soroksár);tömör akácfa, olajozott;72x28 cm, 16 mm vastag;9990;/db;1;9990;https://www.ikea.com/hu/hu/p/smaaeta-vagodeszka-akac-80320347/;Tömör, olajozott akácfa – meleg fatónus, jól passzol a tölgy alaptónushoz kiegészítő elemként, nagy mérete miatt tálalásra is jó.;;termékoldal;2026-09-20;200
03-etkezo;Asztali futó;ajánlott;SVARTSENAP Asztali futó, natúr;IKEA;online (ikea.com/hu) + áruház (Budaörs, Örs vezér tere, Soroksár);100% pamut, fonálfestett, natúr;35x130 cm;1290;akciós, eredeti 1 690 Ft;1;1290;https://www.ikea.com/hu/hu/p/svartsenap-asztali-futo-natur-40533063/;Natúr pamut – a textil-fejezet elfogadott alapanyaga –, egyszerű módja a fa asztal felmelegítésének, mosógépben mosható.;Nem len, hanem pamut (mindkettő megengedett anyag az irányelv szerint).;termékoldal;2026-09-20;200
03-etkezo;Etetőszék (baba);ajánlott;Hauck Alpha+ fa etetőszék, natúr;Babakocsikháza;online (babakocsikhaza.hu), házhozszállítás 3-5 nap;fa, natúr;állítható ülés- és lábtartómagasság;47500;"/db (alapváltozat; extra huzat +13 300 Ft, tálca +25 900 Ft)";1;47500;https://www.babakocsikhaza.hu/eshop/hauck-alpha-fa-etetoszek-9120.php;Fa etetőszék natúr színben, állítható ülés- és lábtartómagassággal, 90 kg-ig – jó ár-érték arány, illik a fa étkezőasztalhoz.;A pontos fatónus (natúr) a joiner/asztal tölgy árnyalatától eltérhet – érdemes mintát kérni.;termékoldal;2026-09-20;200
03-etkezo;Etetőszék (baba);olcsóbb;ANTILOP Etetőszék tálcával, fehér;IKEA;online (ikea.com/hu) + áruház (Budaörs, Örs vezér tere, Soroksár);polipropilén ülés/tálca, fehér epoxi bevonatú acél láb;-;9490;/db;1;9490;https://www.ikea.com/hu/hu/p/antilop-etetoszek-talcaval-feher-feher-s79597515/;A legolcsóbb, könnyen tisztítható etetőszék – gyors, praktikus megoldás, ha nem a fa megjelenés a fő szempont.;Fehér műanyag, nem fa – stilisztikailag nem illik a fa-domináns térhez, inkább praktikus, átmeneti megoldásként érdemes nézni.;termékoldal;2026-09-20;200
03-etkezo;Etetőszék (baba);prémium;Stokke Tripp Trapp etetőszék, Oak Natural;bababoo.hu;online (bababoo.hu), házhozszállítás;tölgyfa, natúr;-;107900;akciós, eredeti 120 990 Ft;1;107900;https://www.bababoo.hu/termekek/stokke_495201/Stokke_Tripp_Trapp_etetőszék-Oak_Natural.html;Valódi tölgyfa (a briefben kifejezetten javasolt márka/modell), a gyerekkel együtt „növő” szék, kültalán a legjobban illik a tölgy alaptónushoz.;A készletinformáció a fetch idején nem volt egyértelműen látható az oldalon – érdemes rendelés előtt megerősíteni.;termékoldal;2026-09-20;200
03-etkezo;Függőlámpa (étkezőasztal fölé);ajánlott;NARRKOLV Függőlámpa, rattan;IKEA;online (ikea.com/hu) + áruház (Budaörs, Örs vezér tere, Soroksár);kézzel font, pácolt rattan;Ø 56 cm, magasság 14 cm;19990;/db;1;19990;https://www.ikea.com/hu/hu/p/narrkolv-fueggolampa-rattan-00594341/;Natúr rattan, kerek forma, a kért Ø50-80 cm mérettartomány közepén – ideális egyetlen nagy fonott lámpa az asztal fölé 75-85 cm-re függesztve.;Izzó külön vásárlandó (E27, kerek, átlátszó LED javasolt).;termékoldal;2026-09-20;200
03-etkezo;Függőlámpa (étkezőasztal fölé);olcsóbb;TAGGTOFS / HAVSDJUP Függőlámpa, fehér, bambusz;IKEA;online (ikea.com/hu) + áruház (Budaörs, Örs vezér tere, Soroksár);bambusz váz, rizspapír ernyő, fehér;Ø 67 cm, magasság 39 cm;14490;/db;1;14490;https://www.ikea.com/hu/hu/p/taggtofs-havsdjup-fueggolampa-feher-bambusz-s29603972/;Nagy méretű (Ø67 cm), bambuszbordás fonott lámpa a kért Ø50-80 cm tartományban, kedvező áron.;Fehér színű, nem natúr fatónusú – kevésbé illik az „erdő, nem tenger” hangulathoz, mint egy natúr rattan/bambusz darab.;termékoldal;2026-09-20;200
03-etkezo;Függőlámpa (étkezőasztal fölé);prémium;VARPTROSS Függőlámpa, bambusz;IKEA;online (ikea.com/hu) + áruház (Budaörs, Örs vezér tere, Soroksár);bambusz, áttetsző lakkozással;79x16 cm, magasság 19 cm;34990;/db;1;34990;https://www.ikea.com/hu/hu/p/varptross-fueggolampa-bambusz-50610782/;Egyedi, megmunkált bambuszforma – markáns, minőségi dísztárgy jellegű darab az asztal fölé, a kért méret felső tartományában.;Nem kör alakú, hanem megnyúlt forma (79x16 cm) – ha kifejezetten kerek ernyő a cél, a NARRKOLV illik jobban.;termékoldal;2026-09-20;200
03-etkezo;Tálalószekrény;ajánlott;TONSTAD Tálalószekrény, tölgy furnér;IKEA;online (ikea.com/hu) + áruház (Budaörs, Örs vezér tere, Soroksár);tölgy furnér, natúr;120,6x47,2x89,9 cm;139900;;1;139900;https://www.ikea.com/hu/hu/p/tonstad-talaloszekreny-toelgy-furner-20489297/;Zárt ajtós, lábon álló, világos tölgy tálaló – megfelel a 70/30 zárt/nyitott tárolási aránynak és a „látszó láb” formaelvnek, jó helykihasználás, ha a 10,93 m²-es étkező engedi.;Csak akkor illesszd be, ha a bútorozási terv szerint marad hely rá az asztal és a fő közlekedő 90 cm-es sávja mellett.;termékoldal;2026-09-20;200
03-etkezo;Váza;ajánlott;PÄRLHÄGG Váza, bézs;IKEA;online (ikea.com/hu) + áruház (Budaörs, Örs vezér tere, Soroksár);kőedény (kerámia), színezett zománc, bézs;Ø 15 cm, magasság 22 cm;4990;/db;1;4990;https://www.ikea.com/hu/hu/p/paerlhaegg-vaza-bezs-80623405/;Matt kerámia, bézs tónus – jó méret egy eukaliptusz ágnak az asztal közepén, illik a mészkő/homokkő hatású palettához.;;termékoldal;2026-09-20;200
03-etkezo;Étkezőasztal;ajánlott;TONSTAD Meghosszabbítható asztal, tölgy furnér;IKEA;online (ikea.com/hu) + áruház (Budaörs, Örs vezér tere, Soroksár);szálcsiszolt tölgy furnér, natúr;140/196x85x75 cm;109900;;1;109900;https://www.ikea.com/hu/hu/p/tonstad-meghosszabbithato-asztal-toelgy-furner-40593882/;Pontosan illeszkedik a rögzített „fa étkezőasztal” döntéshez: bővíthető 140-ről 196 cm-re (6 fő), lágyan lekerekített sarkok a babának, világos tölgy.;;termékoldal;2026-09-20;200
03-etkezo;Étkezőasztal;olcsóbb;TONSTAD Asztal, tölgy furnér, 150x80 cm;IKEA;online (ikea.com/hu) + áruház (Budaörs, Örs vezér tere, Soroksár);szálcsiszolt tölgy furnér, natúr;150x80x75 cm;94990;;1;94990;https://www.ikea.com/hu/hu/p/tonstad-asztal-toelgy-furner-00593879/;Lekerekített sarkú, világos tölgy furnér – kisbabának biztonságosabb él, a legolcsóbb a TONSTAD családban.;Nem bővíthető, és 6 főre 150 cm szűkösebb lehet, mint a kért 160-200 cm.;termékoldal;2026-09-20;200
03-etkezo;Étkezőasztal;prémium;TONSTAD Asztal, tölgy furnér, 200x85 cm;IKEA;online (ikea.com/hu) + áruház (Budaörs, Örs vezér tere, Soroksár);szálcsiszolt tölgy furnér, natúr;200x85x75 cm;119900;;1;119900;https://www.ikea.com/hu/hu/p/tonstad-asztal-toelgy-furner-80593880/;A család legnagyobb, legmasszívabb fix darabja, kényelmesen ad helyet 6 főnek, ugyanaz a lekerekített sarkú tölgy dizájn.;"Nem bővíthető; 200 cm hosszan ellenőrizni kell a 90-100 cm-es fal-/bútortávolságot az étkezőben.";termékoldal;2026-09-20;200
03-etkezo;Étkezőszék;ajánlott;STOCKHOLM 2025 Szék, tölgy/rattan;IKEA;online (ikea.com/hu) + áruház (Budaörs, Örs vezér tere, Soroksár);tömör tölgy váz, rattan háttámla, bőr ülőfelület;47x45x80 cm, ülésmagasság 47 cm;69990;/db;6;419940;https://www.ikea.com/hu/hu/p/stockholm-2025-szek-toelgy-rattan-60590142/;Tölgy váz + fonott rattan háttámla – pontosan a kért anyagpárosítás, minőségi kivitelben, illik a fa étkezőasztalhoz.;Az ülőfelület valódi bőr, nem fonott – ha a kisbabás háztartáshoz mosható huzat kell, érdemes utólag levehető huzatot kérni.;termékoldal;2026-09-20;200
03-etkezo;Étkezőszék;olcsóbb;AGEN Szék, rattan/bambusz;IKEA;online (ikea.com/hu) + áruház (Budaörs, Örs vezér tere, Soroksár);bambusz váz, kézzel font rattan ülés/háttámla, natúr;58x56x79 cm, ülésmagasság 44 cm;19990;/db;6;119940;https://www.ikea.com/hu/hu/p/agen-szek-rattan-bambusz-50058376/;Teljesen fonott bambusz/rattan szék, minden darab egyedi – erős „fonott” hatás, a legolcsóbb 6 db-os megoldás az étkezőhöz.;Nem tölgyfa a váz (bambusz), és a lábak műanyagból vannak a nedvesség ellen – ez eltér a kért „tölgy váz” elvárástól.;termékoldal;2026-09-20;200
03-etkezo;Étkezőszék;prémium;Romane étkezőszék;Bonami (Kave Home);online (bonami.hu), házhozszállítás;lakkozott bükkfa váz, natúr rattan ülőfelület;-;97040;/db;6;582240;https://www.bonami.hu/p/romane-bukkfa-etkezoszek-kave-home;Világos, natúr fa váz + valódi fonott rattan ülés, prémium megjelenés a fa asztalhoz és a fonott lámpaernyőhöz illően.;A váz bükkfa, nem tölgy – árnyalatban közel áll, de mintát érdemes kérni az asztal tölgy tónusához illesztéshez. A fetch idején csak 2 db volt azonnal szállítható.;termékoldal;2026-09-20;200
03-etkezo;Étkezőszőnyeg;ajánlott;MORUM Szőnyeg, síkszövött, bel/kültéri, bézs;IKEA;online (ikea.com/hu) + áruház (Budaörs, Örs vezér tere, Soroksár);100% polipropilén, bézs;200x300 cm;29990;/db;1;29990;https://www.ikea.com/hu/hu/p/morum-szonyeg-sikszoevoett-bel-kuelteri-bezs-80198295/;Mosható, kültéri használatra is jóváhagyott, sík szövésű PP szőnyeg – megfelel a kisbabás háztartás „letörölhető padlótextil, ahol enni fognak” elvének, és a 200x300 cm méret hagyja meg az asztal körüli +60 cm-t.;"Kézi mosás max. 40°C-on, vegytisztítás nem lehetséges; hidegburkolaton csúszásgátló szükséges.";termékoldal;2026-09-20;200
04-nappali;Alacsony tálalószekrény;ajánlott;VIHALS Tálalószekrény, fehér;IKEA;online (ikea.com/hu) + áruház (Budaörs);fehér, forgácslemez, akril festék;140x37x75 cm;59990;;1;59990;https://www.ikea.com/hu/hu/p/vihals-talaloszekreny-feher-30491718/;3 ajtós + 2 fiókos, teljesen zárt tárolás fehérben – a '70% zárt tárolás' elvhez illeszkedik, a nyitott polcok (pl. TV-szekrény melletti sarok) mellé praktikus kiegészítő.;"A termékoldal nem részletezi a lábazatot – ha fontos a 'látszó láb', helyszínen érdemes ellenőrizni; anyaga forgácslemez, nem tömör fa.";termékoldal;2026-09-20;200
04-nappali;Asztali lámpa;ajánlott;BLIDVÄDER Asztali lámpa, törtfehér, kerámia, bézs;IKEA;online (ikea.com/hu) + áruház (Budaörs);matt kerámia, törtfehér-bézs;50 cm;26990;;1;26990;https://www.ikea.com/hu/hu/p/blidvaeder-asztali-lampa-toertfeher-keramia-bezs-80501258/;Matt kerámia, törtfehér-bézs árnyalat – pontosan a kért 'kerámia matt off-white/zsálya talp' kritérium, jó hangulatfény a dohányzóasztalra vagy a TV-szekrényre.;;listaoldal;2026-09-20;200
04-nappali;Csúszásgátló szőnyegalátét;ajánlott;STOPP FILT csúszásgátló szőnyeg alátét;IKEA;online (ikea.com/hu) + áruház (Budaörs);szintetikus filc/gumi, szürke;165x235 cm;3490;;2;6980;https://www.ikea.com/hu/hu/p/stopp-filt-csuszasgatlo-szonyeg-alatet-90132261/;"Kemény Norwich Arena hidegburkolaton a juta szőnyeg csúszásmentesítése kötelező elem – ez a baba-biztonság alapfeltétele; 2 db kell a 200x300-as szőnyeghez, szükség esetén méretre vágható.";;listaoldal;2026-09-20;200
04-nappali;Dohányzóasztal;ajánlott;STOCKHOLM 2025 Görgős dohányzóasztal, tölgy furnér;IKEA;online (ikea.com/hu) + áruház (Budaörs);valódi tölgy furnér lap, tömör tölgy lábak, színezett lakkozás;Ø50–55 cm, magasság 55 cm, rejtett görgőkkel;59990;;1;59990;https://www.ikea.com/hu/hu/p/stockholm-2025-goergos-dohanyzoasztal-toelgy-furner-70586559/;"Kerek, valódi tölgy furnér, tömör fa lábak – pontosan a rögzített döntés (fa dohányzóasztal, világos-közép tölgy) szerinti választás; a kerek forma lekerekített él, gyerekbiztos.";Rejtett görgőkön áll, nem klasszikus álló láb – kisbabás háztartásban érdemes rögzíteni vagy a görgőket zárolni.;termékoldal;2026-09-20;200
04-nappali;Dohányzóasztal;prémium;Acorn dohányzóasztal (Hübsch);Bonami;online (bonami.hu), házhozszállítás egész Magyarországra;FSC-tanúsítványú tölgyfurnér, natúr;Ø60 cm, magasság 44 cm;159990;;1;159990;https://bonami.hu/p/natur-szinu-kerek-dohanyzoasztal-tolgyfa-dekorral-o-60-cm-acorn-hubsch;Valódi, FSC-tanúsított tölgyfurnér, letisztult kerek forma – a legmagasabb minőségű, fenntartható fa opció a listán, illik a 'kevesebb de nagyobb' elvhez.;A bonami.hu oldalon 'utolsó darabok' jelzéssel (2 db) szerepelt a lekéréskor – gyors készletkifogyás várható.;termékoldal;2026-09-20;200
04-nappali;Díszpárnahuzat (alapszín);ajánlott;DVALA Párnahuzat, bézs;IKEA;online (ikea.com/hu) + áruház (Budaörs);100% pamut, bézs;50x60 cm;2290;;2;4580;https://www.ikea.com/hu/hu/p/dvala-parnahuzat-bezs-20627798/;A párna-képlet 'len alapszínben' rétege – bézs, texturált pamut, ami a ház krém bézs-homok alaprétegéhez illeszkedik.;Anyaga pamut, nem valódi len – ha ragaszkodunk a lenhez, Bonami-n talált len párnahuzatok (Linen Tales) a lekéréskor sajnos elfogytak (nem szerepelnek a listában).;listaoldal;2026-09-20;200
04-nappali;Díszpárnahuzat (nagy, semleges, bouclé);ajánlott;Párnahuzat 50x50 cm BOUCLE (Blomus);Bonami;online (bonami.hu), házhozszállítás egész Magyarországra;poliészter-akril bouclé szövet, törtfehér/natúr;50x50 cm;15350;akciós, eredeti ár 15 990 Ft;1;15350;https://www.bonami.hu/p/parnahuzat-50x50-cm-boucle-blomus-5;A párna-képlet 'nagy, semleges, kötött vagy bouclé' rétege – texturált, törtfehér bouclé felület, ami a kanapé fő párnájaként dolgozik.;"Nem természetes szál (poliészter-akril bouclé), hanem szintetikus bouclé-utánzat; ára is magasabb egy párnahuzatért – ár-érzékeny választás esetén sima pamut bouclé-hatású huzat is helyettesítheti.";termékoldal;2026-09-20;200
04-nappali;Díszpárnahuzat (zsályazöld akcent);ajánlott;DVALA Párnahuzat, szürke-zöld;IKEA;online (ikea.com/hu) + áruház (Budaörs);100% pamut (min. 20% újrahasznosított), tompított szürkészöld;50x60 cm;2290;;2;4580;https://www.ikea.com/hu/hu/p/dvala-parnahuzat-szuerke-zoeld-60636159/;A párna-képlet zsályazöld akcent rétege – tompított, szürkés zöld tónus, ugyanabból a DVALA kollekcióból, mint az alapszín, hogy a huzatok anyagban is összeérjenek.;;termékoldal;2026-09-20;200
04-nappali;Fotel;ajánlott;FRYKSÅS Fotel párnával, rattan / Risane natúr;IKEA;online (ikea.com/hu) + áruház (Budaörs);kézi szövésű rattan váz, acél belső szerkezet, Risane natúr párna (53% lenvászon, 47% viszkóz);párna kb. 52x47 cm;109990;;1;109990;https://www.ikea.com/hu/hu/p/fryksas-fotel-parnaval-rattan-risane-natur-s29563155/;Kézműves rattan fonás + lenvászon-viszkóz natúr párna – pontosan a 'kopott, nem koszos' és a fonott rost mindenhol elv nappalibeli megjelenése.;A termékoldal lekérésekor a pontos szélesség/magasság csak méretrajzon szerepelt, számszerű adat nem volt kinyerhető – helyszínen érdemes ellenőrizni.;termékoldal;2026-09-20;200
04-nappali;Fotel;olcsóbb;AGEN Fotel párnával, rattan / Norna natúr;IKEA;online (ikea.com/hu) + áruház (Budaörs);kézzel font rattan váz, bambusz lábak, Norna natúr (törtfehér) pamut párna;58x56 cm, ülésmagasság 45 cm;22990;;1;22990;https://www.ikea.com/hu/hu/p/agen-fotel-parnaval-rattan-norna-natur-s19390773/;Természetes rattan fotel törtfehér párnával – a brief 'natúr rattan fotel off-white párnával' opciója, olcsó belépő a fonott rost réteghez.;"Kisméretű, inkább kiegészítő ülőhely, mint a nappali fő fotelja; kézi fonás miatt darabonként eltérő a mintázat.";termékoldal;2026-09-20;200
04-nappali;Fotel;prémium;LANDSKRONA Fotel, Gunnared világos zöld / fa;IKEA;online (ikea.com/hu) + áruház (Budaörs);tompított, szürkészöld ('világos zöld') poliészter kárpit, tölgy lábak átlátszó lakkozással;89x89 cm, ülésmagasság 44 cm;129900;;1;129900;https://www.ikea.com/hu/hu/p/landskrona-fotel-gunnared-vilagos-zoeld-fa-s89269721/;Ez a ház legnagyobb zöld akcentusa lehet: tompított zsályazöld szövet, látható fa láb – pontosan az irányelv 'a nappaliban jelenhet meg az akcentuszöld a legnagyobb felületen' pontja.;A huzat NEM levehető/mosható (fix kárpitozás) – kisbabás háztartásban ez hátrány, mintát érdemes kérni folt- és fényállóság ellenőrzésére.;termékoldal;2026-09-20;200
04-nappali;Kanapé;ajánlott;EKTORP 3 személyes kanapé, Blekinge fehér;IKEA;online (ikea.com/hu) + áruház (Budaörs);100% pamut huzat, levehető és mosógépben mosható, törtfehér;218x88 cm, ülésmagasság 45 cm;169900;;1;169900;https://www.ikea.com/hu/hu/p/ektorp-3-szemelyes-kanape-blekinge-feher-s79633759/;Klasszikus levehető, mosógépben mosható pamut huzat törtfehérben – pontosan a kisbabás háztartás alapszabálya. Egyenes vonala és alacsony háttámlája illik az 'alacsony, letisztult' formanyelvhez.;"A lábazat kialakítása a termékoldalon nincs számszerűsítve; helyszínen érdemes megnézni, hogy a láb elég 'látszó'-e a stílushoz.";termékoldal;2026-09-20;200
04-nappali;Kanapé;prémium;VIMLE 3 személyes kanapé, Gunnared bézs;IKEA;online (ikea.com/hu) + áruház (Budaörs);poliészter huzat (min. 90% újrahasznosított), levehető, mosógépben mosható 40°C-on, bézs;241x98 cm, ülésmagasság 48 cm, 6 cm szabad tér a lábaknál;267900;;1;267900;https://www.ikea.com/hu/hu/p/vimle-3-szemelyes-kanape-gunnared-bezs-s19399033/;Moduláris rendszer, mosható huzat, látszó lábak – a nagyobb (20,99 m²) nappaliba, ha bővíthető, elemekből építhető kanapé kell, ez a lépcsőfok.;"48 cm-es ülésmagassága nem a legalacsonyabb; a Gunnared anyag enyhén 'tweed' jellegű mintázatú, mintát érdemes kérni a bézs árnyalat ellenőrzéséhez.";termékoldal;2026-09-20;200
04-nappali;Kandalló védőrács;ajánlott;Gyermek védőrács (kandallóhoz);Szabó Kandalló Bolt;online (szabokandallobolt.hu), szállítás egész Magyarországra;fekete, összecsukható fém;300x75 cm, 5 elemes, zárható ajtóval;47900;;1;47900;https://szabokandallobolt.hu/gyermek-vedoracs;Matt fekete fém, zárható ajtós, falra rögzíthető rács – ez a zárt égésterű Pan-Tech kandalló körüli kötelező babavédelem, illik a ház egységes matt fekete fém-döntéséhez is.;"Falra csavarozva rögzítendő a stabilitás miatt; a kandalló üvege zárt égésterű is felforrósodhat, a rácsot megfelelő távolságra kell állítani.";termékoldal;2026-09-20;200
04-nappali;Lerakóasztal;ajánlott;VALNÄS Dohányzóasztal (kisasztalként);IKEA;online (ikea.com/hu) + áruház (Budaörs);tölgy furnér lap, tömör nyír/bükk kereszttalp, sárgaréz színű lábak;Ø53 cm, magasság 55 cm;59990;;1;59990;https://www.ikea.com/hu/hu/p/valnaes-dohanyzoasztal-toelgy-furner-80628035/;Kicsi, kerek, valódi tölgyfurnér lap – jó lerakóasztal a fotel vagy a kanapé vége mellé, alsó polccal extra tárolást ad.;A lábak fényes sárgaréz színűek – a ház még nyitott 'matt fekete vagy antikolt sárgaréz' fémdöntéséhez mintát kell kérni, mert ez a kivitel nem antikolt, hanem fényes hatású.;termékoldal;2026-09-20;200
04-nappali;Mosható/letörölhető szőnyeg;ajánlott;MORUM szőnyeg, síkszövött, bel/kültéri, bézs;IKEA;online (ikea.com/hu) + áruház (Budaörs);100% polipropilén, szintetikus gumi hátoldal, bézs;200x300 cm;29990;;1;29990;https://www.ikea.com/hu/hu/p/morum-szonyeg-sikszoevoett-bel-kuelteri-bezs-80198295/;Kézzel mosható max. 40°C-on, bel-kültéri igénybevételre tervezve – ott, ahol a baba játszik vagy esznek, ez a gyakorlati, letörölhető alternatíva a juta mellett/helyett.;"Nem természetes rost (műszál) – inkább praktikus, mint esztétikai választás; a juta mellé kiegészítőként, nem helyette javasolt.";termékoldal;2026-09-20;200
04-nappali;Pléd;ajánlott;GUNNEMOR Takaró, törtfehér-szürke-bézs;IKEA;online (ikea.com/hu) + áruház (Budaörs);pamut-keverék, törtfehér-szürke-bézs melírozott;130x170 cm;2990;;1;2990;https://www.ikea.com/hu/hu/p/gunnemor-takaro-toertfeher-szuerke-bezs-10515466/;Off-white/bézs melírozott pléd a kanapéra – meleg, semleges réteg, ami a nagy hidegburkolt felület keménységét textillel ellensúlyozza, ahogy az irányelv kéri.;;listaoldal;2026-09-20;200
04-nappali;Szőnyeg (juta);ajánlott;LOHALS szőnyeg, síkszövött, natúr;IKEA;online (ikea.com/hu) + áruház (Budaörs);100% juta, natúr;200x300 cm;49990;;1;49990;https://www.ikea.com/hu/hu/p/lohals-szonyeg-sikszoevoett-natur-00277395/;Valódi 100% juta, a kért minimum méretben – ez adja a nappali padlójának alaptextúráját a Norwich Arena hidegburkolat felett, ahogy az irányelv 'alapréteg natúr rost' pontja kéri.;A juta nem mosható és csúszik a lapburkolaton – csúszásgátló alátét kötelező (lásd külön tétel), és eleinte enyhén szöszölhet.;termékoldal;2026-09-20;200
04-nappali;Szőnyeg (juta);prémium;Kunu kézi szövésű juta szőnyeg (Hanse Home);Bonami;online (bonami.hu), házhozszállítás egész Magyarországra;kézi szövésű juta, buklé hatású szálvezetés, natúr;200x300 cm;100790;akciós, eredeti ár 111 990 Ft;1;100790;https://www.bonami.hu/p/natur-szinu-kezi-szovesu-juta-szonyeg-200x300-cm-kunu-hanse-home-1;Kézzel szőtt, vastagabb, texturáltabb juta-buklé hatású szövés – prémium lépcsőfok a natúr, egyszerű síkszövött LOHALS mellett, ugyanazt a méretet és anyagcsaládot hozza.;"A bonami.hu oldalon 'utolsó darab' jelzéssel szerepelt – készlet gyorsan elfogyhat; természetes szál, kezdetben ez is szöszölhet.";termékoldal;2026-09-20;200
04-nappali;TV-szekrény;ajánlott;BESTÅ TV-állvány ajtókkal, fehér Björköviken / tölgy furnér;IKEA;online (ikea.com/hu) + áruház (Budaörs);fehér korpusz, tölgyfurnér ajtók, állítható lábak;180x42x38 cm;85800;akciós, eredeti ár 102 590 Ft;1;85800;https://www.ikea.com/hu/hu/p/besta-tv-allvany-ajtokkal-feher-bjoerkoeviken-toelgy-furner-s59622912/;180 cm széles, mindössze 38 cm magas, zárt ajtós, lábakon álló – pontosan az 'alacsony, zárt front, látszó láb' elvárás, a legjobb ár-érték arányban.;;termékoldal;2026-09-20;200
04-nappali;TV-szekrény;olcsóbb;BESTÅ TV-állvány ajtókkal, fehér Hedeviken / Stubbarp / tölgy furnér;IKEA;online (ikea.com/hu) + áruház (Budaörs);fehér korpusz, tölgyfurnér ajtók, fehér Stubbarp lábak;120x42x48 cm;65700;akciós, eredeti ár 76 890 Ft;1;65700;https://www.ikea.com/hu/hu/p/besta-tv-allvany-ajtokkal-feher-hedeviken-stubbarp-toelgy-furner-s69419439/;Zárt ajtók, valódi tölgyfurnér front, alacsony lábakon áll – kisebb tévéhez, szűkebb falszakaszra is jó, megfelel a 'zárt front, látszó láb' elvárásnak.;120 cm szélessége szűkebb, nagyobb tévéhez a szélesebb BESTÅ-változat kellhet.;termékoldal;2026-09-20;200
04-nappali;TV-szekrény;prémium;TONSTAD TV-állvány, tölgy furnér;IKEA;online (ikea.com/hu) + áruház (Budaörs);egységesen valódi tölgyfurnér, tolóajtós zárt front;178x37x55 cm;99990;;1;99990;https://www.ikea.com/hu/hu/p/tonstad-tv-allvany-toelgy-furner-00489302/;Nemcsak a front, a teljes test tölgyfurnér, letisztult tolóajtós megoldás – designosabb, prémium megjelenés a nagy nyitott térben.;55 cm magassága valamivel magasabb, mint a másik két opció.;termékoldal;2026-09-20;200
04-nappali;Tárolókosár;ajánlott;KÄLKEN Kosár, juta;IKEA;online (ikea.com/hu) + áruház (Budaörs);juta, natúr;46x30 cm;7990;;2;15980;https://www.ikea.com/hu/hu/p/kaelken-kosar-juta-60624038/;Juta kosár játékok és plédek tárolására – zárt jellegű, szemmagasság alatti tárolás, amit egy mozdulattal el lehet pakolni, ahogy a kisbabás szűrő kéri.;;listaoldal;2026-09-20;200
04-nappali;Tárolókosár;ajánlott;LUSTIGKURRE Kosár, natúr, vízi jácint / tengerifű;IKEA;online (ikea.com/hu) + áruház (Budaörs);vízi jácint és tengerifű, natúr;32x33x32 cm;5990;;1;5990;https://www.ikea.com/hu/hu/p/lustigkurre-kosar-natur-vizi-jacint-tengerifu-30457328/;Vízi jácint és tengerifű kombináció – a juta kosár mellé változatos fonott textúrát ad, ahogy az irányelv 'legalább három természetes textúra egy helyiségben' szabálya kéri.;;listaoldal;2026-09-20;200
04-nappali;Állólámpa;ajánlott;VARPTROSS Állólámpa, bambusz;IKEA;online (ikea.com/hu) + áruház (Budaörs);bambusz ernyő;118 cm;39990;;1;39990;https://www.ikea.com/hu/hu/p/varptross-allolampa-bambusz-40595131/;A bambusz ernyő meleg, mintás fényt vet a falra – az irányelv 'fonott lámpaernyő' pontja szerint jó hangulatfény a fotel vagy a kandalló mellé.;;listaoldal;2026-09-20;200
05-halo;Díszpárnahuzat;ajánlott;VALLKRASSING Díszpárnahuzat, szürke-zöld;IKEA;online (ikea.com/hu) + áruház (Budaörs);100% pamut, tompított szürkés-zsályazöld, rojtos szegéllyel;50x50 cm;1990;/db;2;3980;https://www.ikea.com/hu/hu/p/vallkrassing-diszparnahuzat-szuerke-zoeld-50570955/;Tompított, szürkés zsálya-zöld tónus, pamut – pontosan az elsődleges akcentusszín, kis mennyiségben (2 párna) a hálóban.;Gépben mosható 40°C-on, de nem fehéríthető és nem vasalható.;termékoldal;2026-09-20;200
05-halo;Fali tükör;ajánlott;GRINSBOL Tükör, rattan;IKEA;online (ikea.com/hu) + áruház (Budaörs);rattan keret, natúr;Ø 55 cm, kerek;10990;;1;10990;https://www.ikea.com/hu/hu/p/grinsbol-tuekoer-rattan-30518464/;Kerek forma + rattan keret – az irányelv 'kerek tükör, rattan vagy világos fa keret' pontja, egyben fényvisszaverő eszköz az ablakkal szemben.;;listaoldal;2026-09-20;200
05-halo;Fiókos szekrény (komód);ajánlott;ANKARUDDEN 4-fiókos szekrény, tölgyfa hatású;IKEA;online (ikea.com/hu) + áruház (Budaörs);tölgyfa hatású, forgácslap/fólia;80x48x107 cm, 4 fiókkal;64990;;1;64990;https://www.ikea.com/hu/hu/p/ankarudden-4-fiokos-szekreny-toelgyfa-hatasu-80627149/;Zárt tárolás, tölgy tónus – a 'nyitott/zárt 30/70' elv szerint ez a szoba fő zárt tárolója, falhoz rögzíthető a babás biztonság miatt.;"Fólia bevonatú, nem valódi tölgy furnér; falhoz rögzítő szett használata kötelező jellegű kisgyerekes háztartásban.";listaoldal;2026-09-20;200
05-halo;Franciaágy;ajánlott;Ágykeret OLSKER 160x200 natúr tölgy;JYSK;"online (jysk.hu), házhozszállítással; áruház (Budaörs, Pilisvörösvár)";tömör tölgy + tömör fenyő, olajozott, natúr tölgy;164x216x80 cm (160x200-as matrachoz), 21 cm szabad hely a bútor alatt;100000;akciós, eredeti ár 129 990 Ft;1;100000;https://jysk.hu/haloszoba/agyak/agyalapok-agyracsok-agykeretek/agykeretek/agykeret-olsker-160x200-natur-tolgy;Valódi tömör tölgy, olajozott felület, alacsony, letisztult fejvég és jól látható lábak – pontosan az irányelv 'alacsony és letisztult, látszó lábak' elve. Ez a legjobb ár-érték arány a rögzített tölgy tónushoz.;A fejvég sima tölgy, nem rattan és nem kárpitozott – ha a rattan fejvég fontosabb, lásd az 'olcsóbb' opciót.;termékoldal;2026-09-20;200
05-halo;Franciaágy;olcsóbb;VEVELSTAD Ágykeret 2 fejvéggel, fehér/Tolkning rattan;IKEA;online (ikea.com/hu) + áruház (Budaörs);fehér porszórt fém váz, kézzel font rattan fejvég (Tolkning);140x200 cm, teljes szélesség fejvéggel 146 cm, hossz 207 cm;85970;;1;85970;https://www.ikea.com/hu/hu/p/vevelstad-agykeret-2-fejveggel-feher-tolkning-rattan-s19441739/;Valódi kézzel font rattan fejvég – ez a legpontosabb találat az irányelv 'fonott rattan fejvég' kérésére, jól látható fém lábakkal.;"A váz fehér fém, nem tölgy; a méret 140x200, nem 160/180 – két felnőttnek szűkebb lehet. Falhoz rögzítés ajánlott stabilitás miatt (kisgyerekes háztartás).";termékoldal;2026-09-20;200
05-halo;Franciaágy;prémium;Tölgyfa franciaágy rattan ágytámlával 160x200 cm – Pola (The Beds);Bonami;online (bonami.hu), házhozszállítással Magyarországra;tömör tölgyfa váz, rattanszövésű fejtámla, olajozott felület;160x200 cm (140x200 és 180x200 is elérhető);574990;"ágyrács nélkül; szállítás 8 990 Ft-tól, 2026.11.16-tól";1;574990;https://www.bonami.hu/p/tolgyfa-franciaagy-rattan-agytamlaval-160x200-cm-pola-the-beds;Az egyetlen fellelt hazai ajánlat, ami egyszerre tömör tölgy vázat ÉS valódi rattan fejtámlát ad 160x200-ban – tökéletesen lefedi mindkét rögzített elvárást.;Jelentősen drágább, mint a közepes szegmens (közel 6x az 'ajánlott' árnak) – ez már a luxus kategória felé megy, csak akkor válaszd, ha a pontos anyagpárosítás mindenáron fontos.;termékoldal;2026-09-20;200
05-halo;Függöny;ajánlott;GINSTMOTT Függönypár, bézs;IKEA;online (ikea.com/hu) + áruház (Budaörs);100% poliészter (min. 90% újrahasznosított), len-hatású szövés, bézs;145x300 cm/pár, ablakonként;9990;/pár;1;9990;https://www.ikea.com/hu/hu/p/ginstmott-fueggoenypar-bezs-fueggoenyrancolo-szalaggal-40597173/;Fényszűrő, len-hatású bézs függöny – megengedett 'linen-look' megoldás, ami a krém bézs nyílászáróhoz hangolható.;Nem valódi len, hanem újrahasznosított poliészter len-hatással. A karnisnál számoljunk az ablakszélesség kb. kétszeresével a sűrű redőzéshez.;termékoldal;2026-09-20;200
05-halo;Mennyezeti lámpa;ajánlott;NARRKOLV Függőlámpa, rattan;IKEA;online (ikea.com/hu) + áruház (Budaörs);pácolt rattan, natúr;Ø 56 cm, mag. 14 cm, E27 foglalat;19990;izzó külön;1;19990;https://www.ikea.com/hu/hu/p/narrkolv-fueggolampa-rattan-00594341/;Fonott rattan ernyő E27 foglalattal – 2700K CRI90+ izzóval a fal mintás, meleg fényt vet, pontosan az irányelv 'fonott lámpaernyő' elve.;Lyukacsos ernyő, ezért önmagában kevés az általános világításhoz – dimmelhető kiegészítő fényforrással (pl. mennyezeti szegélyfény) egészítendő ki.;termékoldal;2026-09-20;200
05-halo;Pad az ágy végéhez;ajánlott;TOLKNING Pad tárolóval, kézzel készült, rattan;IKEA;online (ikea.com/hu) + áruház (Budaörs);kézzel font rattan, tömör fenyő váz, bambusz üléslap;120x37x46 cm, teherbírás 130 kg, rejtett tárolóval;64990;;1;64990;https://www.ikea.com/hu/hu/p/tolkning-pad-taroloval-kezzel-keszuelt-rattan-80512657/;Fonott rattan + rejtett zárt tárolás – pontosan az irányelv 'pad az ágy végénél, fa+fonott ülés' kérése, és a rejtett tároló kisgyerekes praktikum.;Kézműves darab, egyedi mintázatú fonás – árnyalatban eltérhet a katalógusképtől. Alternatívaként fotel is választható (pl. IKEA BUSKBO rattan fotel, kb. 70 000 Ft).;termékoldal;2026-09-20;200
05-halo;Szőnyeg;ajánlott;TIDTABELL Szőnyeg, síkszövött, bézs;IKEA;online (ikea.com/hu) + áruház (Budaörs);100% gyapjú (használati felület), pamut láncfonal, bézs;133x195 cm;49990;;1;49990;https://www.ikea.com/hu/hu/p/tidtabell-szonyeg-sikszoevoett-bezs-10561849/;Valódi gyapjú, sima, mintátlan, bézs – meleg, puha réteg a fa parkettán, illik a 'puhább, melegebb' hálószoba elvhez.;"Nem mosható (csak porszívózható, vegytisztítható); a kért 160x230-nál kisebb, több szőnyeggel vagy nagyobb helyszíni válogatással érdemes pótolni.";termékoldal;2026-09-20;200
05-halo;Sötétítő roló (fényzáró réteg);ajánlott;FÖNSTERBLAD Sötétítő roló, bézs;IKEA;online (ikea.com/hu) + áruház (Budaörs);100% poliészter (újrahasznosított) előlap, bézs;80x155 cm (60/100/120/140x155 cm is kapható);6990;méret szerint változik;1;6990;https://www.ikea.com/hu/hu/p/foensterblad-soetetito-rolo-bezs-50538456/;Valódi fényzáró (nem csak fényszűrő) roló a len-hatású függöny mögé – ez adja a hálószobában elvárt alvási sötétítést, zsinór nélküli, gyerekbiztos kivitelben.;"A méretet a tényleges ablakszélességhez kell választani (több méret közül); önmagában nem esztétikai, hanem funkcionális elem, a látható függöny mögé kerül.";termékoldal;2026-09-20;200
05-halo;Ágyneműhuzat garnitúra;ajánlott;ÄNGSLILJA Paplanhuzat+2 párnahuzat, natúr;IKEA;online (ikea.com/hu) + áruház (Budaörs);100% pamut (min. 50% újrahasznosított), törtfehér/natúr;200x200 cm paplanhuzat + 2x 50x60 cm párnahuzat;8990;/garnitúra;1;8990;https://www.ikea.com/hu/hu/p/aengslilja-paplanhuzat-2-parnahuzat-natur-70591966/;Sima, mintátlan, előmosott pamut natúr színben – matt textúra, pontosan a 'mosott len vagy pamut, törtfehér' irányelvhez illik.;Pamut, nem len – ha a len tapintás fontos, a prémium opciót érdemes nézni, de az sem tiszta len.;termékoldal;2026-09-20;200
05-halo;Ágyneműhuzat garnitúra;prémium;NATTJASMIN Paplanhuzat+2 párnahuzat, világosbézs;IKEA;online (ikea.com/hu) + áruház (Budaörs);60% pamut, 40% lyocell, világosbézs, finom csíkos szatén szövés;200x200 cm paplanhuzat + 2x 50x60 cm párnahuzat;12990;akciós, eredeti ár 17 990 Ft;1;12990;https://www.ikea.com/hu/hu/p/nattjasmin-paplanhuzat-2-parnahuzat-vilagosbezs-10442601/;Puhább lyocell-pamut keverék, homok/bézs tónus – finomabb fogású felsőkategóriás választás a hálóba.;Szatén kötésű, enyhén fényes felület – az irányelv a fényes szatént nagy felületen kerülendőnek tartja, ágyneműnél ez kompromisszum.;termékoldal;2026-09-20;200
05-halo;Ágytakaró / pléd;ajánlott;GUNNEMOR Takaró, törtfehér/szürke-bézs;IKEA;online (ikea.com/hu) + áruház (Budaörs);100% poliészter (újrahasznosított), törtfehér/szürke-bézs, bojtos szegéllyel;130x170 cm;2990;;1;2990;https://www.ikea.com/hu/hu/p/gunnemor-takaro-toertfeher-szuerke-bezs-10515466/;Homok/törtfehér tónusú, könnyű takaró az ágy végére – a 'sand' színcsalád opciója.;"Szintetikus (újrahasznosított poliészter), nem természetes szál; valódi zsályazöld gyapjú/pamut plédet helyi boltban (pl. Bonami, Westwing) érdemes még keresni, ha a zöld árnyalat fontosabb, mint az anyag.";termékoldal;2026-09-20;200
05-halo;Éjjeli lámpa;ajánlott;BLIDVÄDER Asztali lámpa, törtfehér/kerámia bézs;IKEA;online (ikea.com/hu) + áruház (Budaörs);kőedény (kerámia) talp, bézs ernyő (85% újrahasznosított poliészter, 15% lenvászon);magasság 50 cm, ernyő átm. 30 cm, E27 foglalat;26990;/db, izzó külön;2;53980;https://www.ikea.com/hu/hu/p/blidvaeder-asztali-lampa-toertfeher-keramia-bezs-80501258/;Matt kerámia talp + len-tartalmú bézs ernyő – pontosan az irányelv 'matt kerámia, len ernyő' leírása, 2700K CRI90+ izzóval használva otthonos hangulatfényt ad.;Az ernyő nagyrészt újrahasznosított poliészter, csak 15% a lenvászon-tartalma – közelről tapintva nem tiszta len.;termékoldal;2026-09-20;200
05-halo;Éjjeli lámpa;olcsóbb;TVÄRHAND Asztali lámpa, fekete/bambusz;IKEA;online (ikea.com/hu) + áruház (Budaörs);bambusz talp, matt fekete fém cső;magasság 47 cm, E27 foglalat;4990;/db, izzó külön;2;9980;https://www.ikea.com/hu/hu/p/tvaerhand-asztali-lampa-fekete-bambusz-90510894/;Nagyon olcsó, mégis fonott/természetes anyagot (bambusz) és matt fekete fémet kombinál – illik a ház egységes fémszínéhez.;Apró, egyszerű forma – kevésbé 'nagyobb, kevesebb darab' jellegű, mint a BLIDVÄDER.;termékoldal;2026-09-20;200
05-halo;Éjjeliszekrény;ajánlott;TONSTAD Éjjeliszekrény, tölgy furnér;IKEA;online (ikea.com/hu) + áruház (Budaörs);tölgy furnér, tömör tölgy lábakkal, natúr;40x40x59 cm, 1 fiókkal (halkan záródó);54990;/db;2;109980;https://www.ikea.com/hu/hu/p/tonstad-ejjeliszekreny-toelgy-furner-80489322/;Valódi tölgy furnér, kerek, karcsú lábak – 'kevesebb, de nagyobb' helyett itt a minőség számít: a fiók zárt tárolást ad a babás praktikum miatt.;;termékoldal;2026-09-20;200
05-halo;Éjjeliszekrény;olcsóbb;STORKLINTA 2-fiókos szekrény, tölgyfa hatású;IKEA;online (ikea.com/hu) + áruház (Budaörs);forgácslap, tölgyfa hatású papírfólia bevonat;40x50x53 cm, 2 fiókkal;17990;/db;2;35980;https://www.ikea.com/hu/hu/p/storklinta-2-fiokos-szekreny-toelgyfa-hatasu-2-fiokkal-20631413/;Alacsony árú, mégis tölgy-hatású, 2 fiókos zárt tárolás – jó ideiglenes vagy költségkímélő megoldás.;Fóliázott forgácslap, nem valódi fa vagy furnér – közelről és élettartamban gyengébb a TONSTAD-nál.;termékoldal;2026-09-20;200
06-szoba;Asztali lámpa;ajánlott;BLIDVÄDER asztali lámpa;IKEA;online (ikea.com/hu) + IKEA Budaörs áruház;törtfehér, kerámia+bézs textil ernyő;50 cm;26990;;1;26990;https://www.ikea.com/hu/hu/p/blidvaeder-asztali-lampa-toertfeher-keramia-bezs-80501258/;Kerámia talp, meleg bézs ernyő – halk, natúr éjszakai fény, ha 2700K-s izzóval szereljük fel.;A lámpa önmagában nem dimmelhető – dimmelhető 2700K-s LED izzó vagy okos foglalat szükséges hozzá.;listaoldal;2026-09-20;200
06-szoba;Kiságy;ajánlott;SUNDVIK rácsos ágy;IKEA;online (ikea.com/hu) + IKEA Budaörs áruház;fehérre lakkozott tömör fa;60x120 cm (külméret 125x67x85 cm);54990;akciós, eredeti 64 990 Ft;1;54990;https://www.ikea.com/hu/hu/p/sundvik-racsos-agy-feher-00248567/;"Fehér+fa kombináció, zárt, letisztult fejvég; ugyanebből a kollekcióból vehető a hozzáillő pelenkázó is, így a szoba egy anyagcsaládból épül fel.";"A fa rácsok fényezettek (áttetsző akril lakk), nem teljesen matt felület; a huzatos elemek 100% nejlon.";termékoldal;2026-09-20;200
06-szoba;Kiságy;olcsóbb;SNIGLAR ágykeret ágyráccsal;IKEA;online (ikea.com/hu) + IKEA Budaörs áruház;tömör bükkfa, natúr;70x160 cm;26990;;1;26990;https://www.ikea.com/hu/hu/p/sniglar-agykeret-agyraccsal-buekk-s19185433/;Natúr, világos bükkfa, egyszerű látszó lábas forma – illik a ház egységes világos fa tónusához, és ez a legolcsóbb valódi fa kiságy.;70x160 cm-es méret: ehhez külön, ettől eltérő méretű (nem a lenti 60x120-as) matrac kell. Alapkivitel, magasságállítás nélkül.;listaoldal;2026-09-20;200
06-szoba;Kiságy;prémium;ÄLSKVÄRD rácsos ágy;IKEA;online (ikea.com/hu) + IKEA Budaörs áruház;nyír furnér + tömör nyír/bükk, fehér;60x120 cm (külméret 126x65x93 cm);99990;;1;99990;https://www.ikea.com/hu/hu/p/aelskvaerd-racsos-agy-nyir-feher-50314809/;Az IKEA legújabb babaszoba-vonala: valódi nyírfa erezet és fehér festés keveréke, ez áll legközelebb a ház rögzített 'világos fa + fehér alap' döntéséhez.;;termékoldal;2026-09-20;200
06-szoba;Kiságymatrac;ajánlott;KRUMMELUR habszivacs matrac rácsos ágyhoz;IKEA;online (ikea.com/hu) + IKEA Budaörs áruház;szellőző habszivacs, pamuttartalmú huzat;60x120x8 cm;19990;;1;19990;https://www.ikea.com/hu/hu/p/krummelur-habszivacs-matrac-racsos-agyhoz-20593406/;8 cm vastag, szellőző szerkezetű matrac – jó ár-érték arány, megfelel a 'jó minőségű, légáteresztő' elvárásnak.;A SNIGLAR (70x160) kiságyhoz nem ez, hanem külön 70x160-as matrac szükséges.;listaoldal;2026-09-20;200
06-szoba;Kiságymatrac;olcsóbb;PLUTTIG habszivacs matrac rácsos ágyhoz;IKEA;online (ikea.com/hu) + IKEA Budaörs áruház;habszivacs, lélegző huzat;60x120x5 cm;6490;;1;6490;https://www.ikea.com/hu/hu/p/pluttig-habszivacs-matrac-racsos-agyhoz-50607770/;Egyszerű, könnyű, jó belépő szintű matrac a 60x120-as rácsos ágyakhoz (SUNDVIK, ÄLSKVÄRD).;Csak 5 cm vastag – kényelmesebb alváshoz a KRUMMELUR ajánlott.;listaoldal;2026-09-20;200
06-szoba;Mennyezeti lámpa;ajánlott;NARRKOLV függőlámpa;IKEA;online (ikea.com/hu) + IKEA Budaörs áruház;natúr rattan;Ø 56 cm;19990;;1;19990;https://www.ikea.com/hu/hu/p/narrkolv-fueggolampa-rattan-00594341/;Fonott rattan ernyő, meleg mintázott fényt vet a mennyezetre/falra – ez a stílus egyik alapkövetelménye a világításnál.;Irányított, réses fényt ad, önmagában kevés általános világításnak – kiegészítő fényforrás (asztali lámpa) is kell.;listaoldal;2026-09-20;200
06-szoba;Mosható szőnyeg;ajánlott;Clouds mosható pamut gyerekszőnyeg (Lorena Canals);Bonami;online (bonami.hu), házhozszállítás egész Magyarországra;krémszín, 100% pamut, kézi szövésű;120x160 cm;62590;;1;62590;https://www.bonami.hu/p/kremszinu-moshato-kezi-szovesu-pamut-gyerek-szonyeg-120x160-cm-clouds-lorena-canals-1;Valódi gépben mosható pamutszőnyeg, krémszínben – pontosan a kisbabás szűrő ('letörölhető/mosható padlótextil') kulcskövetelményét teljesíti.;;termékoldal;2026-09-20;200
06-szoba;Mosható szőnyeg;olcsóbb;LEN szőnyeg, rövid szálú, bézs pöttyös;IKEA;online (ikea.com/hu) + IKEA Budaörs áruház;bézs alapon fehér pöttyök, poliészter, csúszásgátló hátoldal;133x160 cm;15990;;1;15990;https://www.ikea.com/hu/hu/p/len-szonyeg-roevid-szalu-bezs-poettyoes-40625109/;Törtfehér/bézs, rövid szálú, jó ár – vizuálisan illik az off-white/natúr elváráshoz.;FONTOS: a gondozási címke szerint csak kézzel mosható max. 40°C-on, NEM gépi mosású – ha valódi gépi moshatóság a cél, a Lorena Canals opciók jobban megfelelnek.;termékoldal;2026-09-20;200
06-szoba;Mosható szőnyeg;prémium;Pine Forest mosható pamut gyerekszőnyeg (Lorena Canals);Bonami;online (bonami.hu), házhozszállítás egész Magyarországra;krémszín, 100% pamut, kézi szövésű;140x200 cm;99990;;1;99990;https://www.bonami.hu/p/kremszinu-moshato-kezi-szovesu-pamut-gyerek-szonyeg-140x200-cm-pine-forest-lorena-canals-1;Nagyobb méret, gépben mosható pamut, és a neve is ('Pine Forest') illik az erdei wooden coastal koncepcióhoz.;;termékoldal;2026-09-20;200
06-szoba;Nyitott polc;ajánlott;FLISAT nyitott tárolókombináció;IKEA;online (ikea.com/hu) + IKEA Budaörs áruház;halványfehérre pácolt fenyő;88x38x117 cm;58990;;1;58990;https://www.ikea.com/hu/hu/p/flisat-nyitott-tarolokombinacio-halvanyfeherre-pacolt-fenyo-feher-elenk-zoeld-s59624911/;"Alacsony, gyereknek elérhető magasságú, natúr világos fa polc – ez a klasszikus Montessori-stílusú nyitott tárolás; falra rögzíthető kiegészítővel érkezik.";A mellékelt TROFAST dobozok élénkzöldek, nem zsálya tónusúak – érdemes natúr kosárra vagy más színű dobozra cserélni.;termékoldal;2026-09-20;200
06-szoba;Pelenkázó / komód;ajánlott;SUNDVIK pelenkázóasztal/fiókos szekrény;IKEA;online (ikea.com/hu) + IKEA Budaörs áruház;fehér, tömör fenyő alap + forgácslap furnérral;78x79x99–108 cm;99990;;1;99990;https://www.ikea.com/hu/hu/p/sundvik-pelenkazoasztal-fiokos-szekreny-feher-30591299/;"Két zárt fiókkal – megfelel a 'zárt tárolás szemmagasság alatt' kisbabás szűrőnek; falra rögzíthető (a gyártó kötelezően előírja és mellékeli a rögzítőt).";A fiókoldalak forgácslapból, fóliázva – nem valódi fa furnér.;termékoldal;2026-09-20;200
06-szoba;Pelenkázó / komód;olcsóbb;GULLIVER pelenkázóasztal;IKEA;online (ikea.com/hu) + IKEA Budaörs áruház;fehér, fenyő+forgácslap;82x54x93 cm;39990;;1;39990;https://www.ikea.com/hu/hu/p/gulliver-pelenkazoasztal-feher-20307037/;"Kompakt, fehér, könnyen illeszkedik a fehér alaphoz; a legolcsóbb pelenkázó megoldás.";Nyitott polcos kialakítás, nem zárt fiókos tárolás – a játékok/pelenkák nem tűnnek el szem elől, ahogy a kisbabás szűrő javasolná.;listaoldal;2026-09-20;200
06-szoba;Pelenkázó / komód;prémium;ÄLSKVÄRD pelenkázóasztal/fiókos szekrény;IKEA;online (ikea.com/hu) + IKEA Budaörs áruház;nyír furnér + tömör nyír, fehér;94x77x106 cm;99990;;1;99990;https://www.ikea.com/hu/hu/p/aelskvaerd-pelenkazoasztal-fiokos-szekreny-nyir-feher-80466679/;"Valódi nyírfa erezet + fehér, zárt fiókok 38 cm belső mélységgel; a pelenkázó lap levétele után önálló komódként tovább használható – ez szolgálja legjobban a 'babával nő együtt' elvet.";;termékoldal;2026-09-20;200
06-szoba;Szoptatós/olvasó fotel;ajánlott;POÄNG hintaszék, nyír furnér, Knisa világosbézs;IKEA;online (ikea.com/hu) + IKEA Budaörs áruház;nyír furnér váz, világosbézs pamut/poliészter párna;standard POÄNG méret (68x82x95 cm);44990;;1;44990;https://www.ikea.com/hu/hu/p/poaeng-hintaszek-nyir-furner-knisa-vilagosbezs-s29429256/;Világos nyírfa váz és levehető, mosható huzatú világosbézs párna – a hintafunkció kifejezetten jó szoptatáshoz/altatáshoz.;;listaoldal;2026-09-20;200
06-szoba;Szoptatós/olvasó fotel;prémium;Jenny fotel, fehér bouclé (Micadoni Home);Bonami;online (bonami.hu), házhozszállítás egész Magyarországra;fehér bouclé kárpit;ülésmagasság 40 cm, háttámla magasság 32 cm;178360;akciós, eredeti 290 990 Ft;1;178360;https://www.bonami.hu/p/feher-bukle-fotel-jenny-micadoni-home;Törtfehér bouclé kárpit pontosan a stílushoz kért anyag – puha, meleg tapintású, magasabb minőségű darab.;A termékoldal nem jelez levehető/mosható huzatot – kisbabás háztartásban érdemes rákérdezni vásárlás előtt.;termékoldal;2026-09-20;200
06-szoba;Sötétítés;ajánlott;FÖNSTERBLAD sötétítő roló, bézs;IKEA;online (ikea.com/hu) + IKEA Budaörs áruház;bézs textil, alumínium mechanika;80x155 cm (ablakmérethez válaszd a szélességet);6990;;1;6990;https://www.ikea.com/hu/hu/p/foensterblad-soetetito-rolo-bezs-50538456/;"Teljesen sötétítő, meleg bézs tónusú roló – önmagában megoldja a kötelező elsötétítést; elé/mellé tehető egy len hatású törtfehér függöny is a lágyabb megjelenésért.";;listaoldal;2026-09-20;200
06-szoba;Tároló kosár;ajánlott;KÄLKEN kosár;IKEA;online (ikea.com/hu) + IKEA Budaörs áruház;juta, natúr;46x30 cm;7990;;3;23970;https://www.ikea.com/hu/hu/p/kaelken-kosar-juta-60624038/;Természetes juta, alacsony, puha szélű forma – biztonságos játéktárolás a padlón, éles sarkok nélkül.;;listaoldal;2026-09-20;200
06-szoba;Ágynemű/takaró;ajánlott;LEN takaró, muszlin;IKEA;online (ikea.com/hu) + IKEA Budaörs áruház;fehér-bézs pöttyös, pamut muszlin;80x100 cm;3990;;2;7980;https://www.ikea.com/hu/hu/p/len-takaro-feher-bezs-poettyoes-muszlin-90625098/;Off-white pöttyös pamut muszlin – pontosan a kért natúr, puha babatakaró.;;listaoldal;2026-09-20;200
06-szoba;Ágynemű/takaró;ajánlott;BARNDRÖM gumis lepedő gyerekágyhoz;IKEA;online (ikea.com/hu) + IKEA Budaörs áruház;fehér, pamut;70x160 cm;2990;;2;5980;https://www.ikea.com/hu/hu/p/barndroem-gumis-lepedo-gyerekagyhoz-feher-90622863/;Egyszerű fehér pamut gumis lepedő – semleges alap, minden akcentushoz illik.;"70x160-as méret a SNIGLAR kiságyhoz; a 60x120-as kiságyakhoz (SUNDVIK/ÄLSKVÄRD) külön, kisebb méretű lepedő kell.";listaoldal;2026-09-20;200
07-dolgozo;Asztali rendszerező (bambusz);ajánlott;SIGFINN Monitor állvány, rögzített magasságú, bambusz furnér;IKEA;online (IKEA.hu) + IKEA Budaörs áruház;bambusz furnér;monitor alá helyezhető állvány, tárolóhellyel alatta;7990;;1;7990;https://www.ikea.com/hu/hu/p/sigfinn-monitor-allvany-roegzitett-magassagu-bambusz-furner-20362929/;Természetes bambusz textúra az asztalon, és az emelt monitor alatt hely marad jegyzettömbnek, kábeleknek – rendet ad a felületnek.;"Ez elsősorban monitorállvány, nem klasszikus toll-/irattartó doboz; a listán szereplő bambusz asztali rendező funkcióját ez tölti be legjobban IKEA kínálatból.";listaoldal;2026-09-20;200
07-dolgozo;Fali kép / botanikus poszter;ajánlott;KNOPPÄNG Képkeret poszterrel, kert (2 db);IKEA;online (IKEA.hu) + IKEA Budaörs áruház;"farostlemez keret, papírfólia bevonat; botanikus vonalrajz motívum";40x50 cm / darab;6490;/2 db szett;1;6490;https://www.ikea.com/hu/hu/p/knoppaeng-kepkeret-poszterrel-kert-40465771/;Botanikus, letisztult vonalrajzok vékony kerettel – illik az 'erdő, levél, botanikus lap' témához, olcsó belépő a dolgozó falára.;A keret színe a terméklapon nem egyértelműen világos fa (a képeken fekete/semleges tónusú keret is látszik) – rendelés előtt érdemes a pontos kerettónust ellenőrizni, hogy világos fa hatású legyen.;termékoldal;2026-09-20;200
07-dolgozo;Fényszűrő függöny;ajánlott;LENDA Függöny elkötővel, 1 pár, törtfehér;IKEA;online (IKEA.hu) + IKEA Budaörs áruház;100% pamut (min. 50% újrahasznosított), törtfehér;140x250 cm / panel;11990;;1;11990;https://www.ikea.com/hu/hu/p/lenda-fueggoeny-elkoetovel-1-par-toertfeher-fueggoenyrancolo-szalaggal-10633243/;Pamut, len-hatású fényszűrő függöny törtfehérben – a krém bézs ajtókhoz hangolt meleg alapszín, tompítja a fényt, de nem sötétít el.;"Nem valódi len, hanem pamut; ellenőrizni kell, hogy az ablak szélességéhez elég anyagmennyiséget ad-e (a szabály szerint az ablak 2x szélessége ajánlott).";termékoldal;2026-09-20;200
07-dolgozo;Irodai szék;ajánlott;LÅNGFJÄLL Szék, Gunnared bézs/fehér;IKEA;online (IKEA.hu) + IKEA Budaörs áruház;Gunnared bézs szövet, fehér csillag alapú alumínium lábazat;szabványos irodai szék, állítható magasság, deréktámasszal;69990;;1;69990;https://www.ikea.com/hu/hu/p/langfjaell-szek-gunnared-bezs-feher-s19252366/;Ikonikus skandináv formavilág, világos bézs kárpit, letisztult váz – ergonomikus, de nem sportos/gamer hatású, jól illik a fa-fehér-bézs alaphangulathoz.;A lábazat világos, alumínium színű (nem matt fekete), ez a ház fém-szabályától kis eltérés, de nem hivalkodó fényes króm.;termékoldal;2026-09-20;200
07-dolgozo;Irodai szék;olcsóbb;FLINTAN Irodai szék, bézs;IKEA;online (IKEA.hu) + IKEA Budaörs áruház;bézs poliészter kárpit (min. 90% újrahasznosított), fa furnér ülésváz;szabványos irodai szék, állítható magasság;24990;;1;24990;https://www.ikea.com/hu/hu/p/flintan-irodai-szek-bezs-70492202/;Egyszerű, letisztult forma, semleges bézs textil – nem 'gamer szék' megjelenésű, belefér a szoba visszafogott palettájába.;Karfa nélküli alapváltozat (karfás verzió külön kapható), kevésbé ergonomikus, mint a magasabb kategóriás modellek.;termékoldal;2026-09-20;200
07-dolgozo;Irodai szék;prémium;HATTEFJÄLL Irodai szék karfákkal, Gunnared bézs/fehér;IKEA;online (IKEA.hu) + IKEA Budaörs áruház;Gunnared bézs/fehér kéttónusú szövet, fehér alumínium lábazat, fekete görgők;ülésmagasság 46-56 cm, állítható deréktámasz és karfa;99990;;1;99990;https://www.ikea.com/hu/hu/p/hattefjaell-irodai-szek-karfakkal-gunnared-bezs-feher-60538955/;Teljesen állítható deréktámasz, ülésmélység és karfa – valódi irodai ergonómia, mégis bézs/fehér, letisztult, nem gamer-székes formanyelv.;"A legdrágább opció; a lábazat itt is világos alumínium, nem matt fekete.";termékoldal;2026-09-20;200
07-dolgozo;Kaspó (kicsi);ajánlott;MUSKOTBLOMMA Virágcserép/alátét, agyag;IKEA;online (IKEA.hu) + IKEA Budaörs áruház;vörösagyag, matt, szilikonnal kezelt;Ø 15 cm, mag. 16 cm;2290;;2;4580;https://www.ikea.com/hu/hu/p/muskotblomma-viragcserep-alatet-bel-kuelter-agyag-30454891/;Matt terrakotta agyag – natúr, homokszínű felület a polcra vagy az asztalra kis növénynek.;;termékoldal;2026-09-20;200
07-dolgozo;Kábelrendszerező;ajánlott;FÖRSÄSONG Kábelrendszerező tálca, fehér;IKEA;online (IKEA.hu) + IKEA Budaörs áruház;fehér porfestett acél, polipropilén heveder;38x11x17 cm;2990;;1;2990;https://www.ikea.com/hu/hu/p/foersaesong-kabelrendszerezo-talca-feher-00573188/;Az asztal alá csavarozható tálca összefogja a kábeleket és a hosszabbítót – kisgyerekes házban fontos, hogy ne lógjon szabad zsinór.;;termékoldal;2026-09-20;200
07-dolgozo;Munkalámpa;ajánlott;FORSÅ Asztali lámpa, fekete;IKEA;online (IKEA.hu) + IKEA Budaörs áruház;matt fekete porfestett acél;mag. 35 cm, csuklós kar, E14 foglalat;7990;izzó külön kapható;1;7990;https://www.ikea.com/hu/hu/p/forsa-asztali-lampa-fekete-00146776/;"Matt fekete fém, klasszikus építész-lámpa forma, pontosan a ház 'egy fémtípus: matt fekete' szabályát követi; jó ár-érték arány.";Az izzó nem tartozék – E14 foglalatba 2700K, lehetőleg CRI90+ LED izzót kell hozzá venni (pl. LEDVANCE/Philips CRI90 sorozat).;termékoldal;2026-09-20;200
07-dolgozo;Munkalámpa;olcsóbb;TERTIAL Asztali lámpa, fehér;IKEA;online (IKEA.hu) + IKEA Budaörs áruház;fehér fém kar és ernyő, ABS műanyag rögzítő;csuklós karú asztali lámpa, E27 foglalat;5990;izzó külön kapható;1;5990;https://www.ikea.com/hu/hu/p/tertial-asztali-lampa-feher-70355455/;Klasszikus rajzasztal-lámpa forma, olcsó belépő – 2700K CRI90+ E27 LED izzóval (külön beszerzendő) teljesíti a világítási alapelvet.;"Fehér, nem matt fekete/fa-részletes; az izzó (2700K, CRI90+) nem tartozék, azt külön kell megvenni.";termékoldal;2026-09-20;200
07-dolgozo;Munkalámpa;prémium;House asztali lámpa, fekete – Markslöjd;Bonami;online (bonami.hu), házhozszállítás;matt fekete fém, hajlítható szerkezet;mag. 62 cm, E27 foglalat;26150;akciós, eredeti ár 38 190 Ft;1;26150;https://www.bonami.hu/p/house-table-black-fekete-asztali-lampa-markslojd;Magasabb, dizájnosabb matt fekete csuklós lámpa – jó kiegészítő réteg a mennyezeti fény mellé, ha valaki markánsabb formát szeretne a FORSÅ helyett.;Izzó nem jár hozzá és a CRI/színhőmérséklet nincs feltüntetve a terméklapon – 2700K CRI90+ LED izzót külön kell választani.;termékoldal;2026-09-20;200
07-dolgozo;Nyitott fali polc;ajánlott;KLAVRESTRÖM Falipolc, tölgy;IKEA;online (IKEA.hu) + IKEA Budaörs áruház;tömör tölgy, átlátszó akril lakkozás;60x20x17 cm;13990;;1;13990;https://www.ikea.com/hu/hu/p/klavrestroem-falipolc-toelgy-30601689/;Tömör tölgy nyitott polc a 'szépnek' – illeszkedik a szekrény tölgy tónusához, és betartja a 70% zárt / 30% nyitott arányt.;;termékoldal;2026-09-20;200
07-dolgozo;Parafa üzenőtábla;ajánlott;FLÖNSA Üzenőtábla rajzszögekkel, parafa;IKEA;online (IKEA.hu) + IKEA Budaörs áruház;természetes parafa, forgácslap hátlap;52x33 cm;2690;;1;2690;https://www.ikea.com/hu/hu/p/floensa-uezenotabla-rajzszoegekkel-parafa-60532468/;Természetes parafa felület jegyzeteknek, fotóknak – illik a fonott/természetes anyagok közé, és 15 rajzszöggel jár.;;termékoldal;2026-09-20;200
07-dolgozo;Roló (fényvédelem);ajánlott;SANDVEDEL Roló, bézs;IKEA;online (IKEA.hu) + IKEA Budaörs áruház;100% poliészter (min. 80% újrahasznosított), világos bézs, áttetsző szövet;80x250 cm;10990;;1;10990;https://www.ikea.com/hu/hu/p/sandvedel-rolo-bezs-30471843/;Fényszűrő (nem sötétítő) roló a monitor mögötti ellenfény tompítására, miközben a kilátás és a nappali fény megmarad.;"Áttetsző jellegű, nem ad teljes vakítás-mentességet erős, alacsony napállásnál; szükség esetén sötétítő rétegként a fényszűrő függöny mögé is felszerelhető.";termékoldal;2026-09-20;200
07-dolgozo;Szőnyeg íróasztal alá;ajánlott;LOHALS Szőnyeg, síkszövött, natúr;IKEA;online (IKEA.hu) + IKEA Budaörs áruház;100% juta, natúr;133x195 cm;24990;;1;24990;https://www.ikea.com/hu/hu/p/lohals-szonyeg-sikszoevoett-natur-30511288/;Sík szövésű natúr juta – a székgörgők jól futnak rajta, és ez a natúr rost fut végig a ház többi szőnyegén is.;"Juta nem mosható; guriguló székhez idővel enyhén kophat a szálszerkezete a legjáratosabb pontokon.";termékoldal;2026-09-20;200
07-dolgozo;Zárt tárolószekrény;ajánlott;TONSTAD Szekrény tolóajtóval, tölgy furnér;IKEA;online (IKEA.hu) + IKEA Budaörs áruház;tölgy furnér, átlátszó akril lakkozás;81,7x37,2x119,9 cm;89990;;1;89990;https://www.ikea.com/hu/hu/p/tonstad-szekr-toloa-val-toelgy-furner-10489231/;Valódi tölgy furnér, tolóajtós zárt tárolás papírnak, a teteje pedig jó felület a nyomtatónak – ez a 'zárt tárolás a papírnak' elvet szolgálja ki.;;termékoldal;2026-09-20;200
07-dolgozo;Zárt tárolószekrény;olcsóbb;BAGGEBO Tálalószekrény, fehér;IKEA;online (IKEA.hu) + IKEA Budaörs áruház;fehér, fóliázott forgácslap;78x30x92 cm;18990;;1;18990;https://www.ikea.com/hu/hu/p/baggebo-talaloszekreny-feher-40553616/;Kis helyen is elfér, van benne zárt (ajtós+fiókos) rész, olcsó belépő, ha nem kell nagy kapacitás.;Nem tölgy: fehér fóliás forgácslap, és a tárhely fele nyitott polc, nem teljesen zárt – papírt csak a zárt részbe érdemes tenni.;termékoldal;2026-09-20;200
07-dolgozo;Zárt tárolószekrény;prémium;TONSTAD 6-fiókos szekrény, tölgy furnér;IKEA;online (IKEA.hu) + IKEA Budaörs áruház;tölgy furnér, átlátszó akril lakkozás, tömör tölgy fogantyúk;120x47x90 cm;149900;;1;149900;https://www.ikea.com/hu/hu/p/tonstad-6-fiokos-szekreny-toelgy-furner-50614624/;Nagyobb, minőségibb tölgy furnér komód, halkan záródó fiókokkal – bőven elég papírnak és irodaszernek, teteje jó hely a nyomtatónak.;Fiókos kivitel, nem polcos-ajtós, ezért nagy dobozos anyagoknak kevésbé praktikus, mint egy szekrény.;termékoldal;2026-09-20;200
07-dolgozo;Íróasztal;ajánlott;MITTZON Íróasztal, tölgy furnér/fekete;IKEA;online (IKEA.hu) + IKEA Budaörs áruház;tölgy furnér, színezett átlátszó lakk / matt fekete acél láb;140x60 cm, mag. 65-85 cm (állítható);69990;;1;69990;https://www.ikea.com/hu/hu/p/mittzon-iroasztal-toelgy-furner-fekete-s79528051/;Valódi tölgy furnér lap matt lakkozással, matt fekete fémláb – pontosan a rögzített 'egy tölgy tónus + matt fekete fém' elvhez illik, és 140-160 cm-es célsávban van.;;termékoldal;2026-09-20;200
07-dolgozo;Íróasztal;olcsóbb;LAGKAPTEN / MITTBACK Íróasztal, fehérre pácolt tölgy hatás/fehér;IKEA;online (IKEA.hu) + IKEA Budaörs áruház;fehérre pácolt tölgy hatású fólia forgácslapon, fehér láb;140x60 cm, mag. 73-96 cm (állítható);44990;;1;44990;https://www.ikea.com/hu/hu/p/lagkapten-mittback-iroasztal-feherre-pacolt-toelgy-hatas-feher-s19417305/;Ugyanolyan méretű és formájú, mint a MITTZON, csak jóval olcsóbb belépő megoldás egy dolgozószobába.;Nem valódi fa: fóliázott forgácslap 'tölgy hatással', a felület fehéres, hidegebb tónusú, mint a ház domináns meleg tölgy tónusa.;termékoldal;2026-09-20;200
07-dolgozo;Íróasztal;prémium;MITTZON Asztal ülő-/állómunkához, elektromos, tölgy furnér/fekete;IKEA;online (IKEA.hu) + IKEA Budaörs áruház;tölgy furnér, színezett átlátszó lakk / matt fekete elektromos állványzat;140x80 cm, mag. 62-126 cm (elektromosan állítható);169990;;1;169990;https://www.ikea.com/hu/hu/p/mittzon-asztal-uelo-allomunkahoz-elektromos-toelgy-furner-fekete-s69513955/;Elektromos állítású ülő-álló asztal valódi tölgy furnér lappal – ergonómiai lépésszint, miközben megtartja a ház tölgy+matt fekete anyagpárosítását.;"Nagyobb beruházás; a mélyebb 80 cm-es asztallap miatt érdemes ellenőrizni, hogy a szoba elrendezésében (ablakra merőlegesen) elfér-e.";termékoldal;2026-09-20;200
08-szoba;Egyszemélyes ágy;ajánlott;UTÅKER rakásolható ágy, 2 matraccal;IKEA;online (ikea.com/hu) + IKEA Budaörs áruház;natúr, lakkozott tömör fenyő;80x200 cm (2 db egymásra/egymás mellé rakható ágy);89970;;1;89970;https://www.ikea.com/hu/hu/p/utaker-rakasolhato-agy-2-matraccal-fenyo-agotnes-kemeny-s69428132/;Két egymásba rakható ágy egy áráért: mindennap egy gyerekágy, alvós vendégéjszakán pedig kihúzva két ágy – pontosan a 'gyerek- ÉS vendégszoba' funkciót szolgálja.;80 cm széles (nem 90), és a matrac enyhén szürkéskék huzatú.;termékoldal;2026-09-20;200
08-szoba;Egyszemélyes ágy;olcsóbb;NEIDEN ágykeret;IKEA;online (ikea.com/hu) + IKEA Budaörs áruház;natúr, kezeletlen tömör fenyő;90x200 cm;16990;;1;16990;https://www.ikea.com/hu/hu/p/neiden-agykeret-fenyo-40395245/;Valódi, kezeletlen tömör fa a legalacsonyabb áron – olajozható/pácolható semleges, szürkés tölgy-közeli tónusra, hogy ne domináljon a sárgás fenyőszín.;Kezeletlen fenyő: mindenképp olajozást/pácolást igényel (semleges, nem narancsos árnyalatra), matrac külön vásárlandó.;termékoldal;2026-09-20;200
08-szoba;Egyszemélyes ágy;prémium;HEMNES kanapéágy, 3 fiókkal, 2 matraccal;IKEA;online (ikea.com/hu) + IKEA Budaörs áruház;fehér, lakkozott fenyő/forgácslap;80x200 cm, kihúzva 160x200 cm;149880;akciós, eredeti 169 880 Ft;1;149880;https://www.ikea.com/hu/hu/p/hemnes-kanapeagy-3-fiokkal-2-matraccal-feher-agotnes-kemeny-s79428117/;Nappal keskeny gyerekágy, éjszaka (vendégeknek) kihúzva dupla ágy, alatta 3 zárt fiók – ez a klasszikus 'HEMNES daybed' megoldás, amit a tervezési elvek is név szerint javasolnak.;A váz forgácslapból készül, fehér festéssel/fóliával, nem tömör fa (a sínek tömör fenyők).;termékoldal;2026-09-20;200
08-szoba;Fali polc;ajánlott;KLAVRESTRÖM falipolc;IKEA;online (ikea.com/hu) + IKEA Budaörs áruház;tölgy;60x20 cm;13990;;2;27980;https://www.ikea.com/hu/hu/p/klavrestroem-falipolc-toelgy-30601689/;Valódi tölgy tónusú falipolc, könyveknek/dísztárgyaknak – illik a ház domináns fa színéhez.;;listaoldal;2026-09-20;200
08-szoba;Gardróbszekrény;ajánlott;BRIMNES gardróbszekrény, 2 ajtóval;IKEA;online (ikea.com/hu) + IKEA Budaörs áruház;fehér, forgácslap papírfóliával;78x50x190 cm;59990;;1;59990;https://www.ikea.com/hu/hu/p/brimnes-gardrobszekreny-2-ajtoval-feher-40400478/;"Letisztultabb, keretes ajtódizájn a fehér alaphoz; a rögzítő szett a csomag része, ami a stabilitási elvárás miatt fontos.";Fóliázott forgácslap, nem valódi fa.;termékoldal;2026-09-20;200
08-szoba;Gardróbszekrény;olcsóbb;KLEPPSTAD gardrób, 2 ajtóval;IKEA;online (ikea.com/hu) + IKEA Budaörs áruház;fehér, forgácslap papírfóliával;79x55x176 cm;34990;;1;34990;https://www.ikea.com/hu/hu/p/kleppstad-gardrob-2-ajtoval-feher-80437234/;"Egyszerű, matt fehér, zárt tárolás a legalacsonyabb áron; falra rögzíthető biztonsági kiegészítővel.";Fóliázott forgácslap, nem furnér.;termékoldal;2026-09-20;200
08-szoba;Gardróbszekrény;prémium;VILHATTEN gardróbszekrény + 2 ajtó + 2 fiók;IKEA;online (ikea.com/hu) + IKEA Budaörs áruház;tölgyfa hatású;98x57x190 cm;79990;;1;79990;https://www.ikea.com/hu/hu/p/vilhatten-gardrobszekreny-2-ajto-2-fiok-toelgyfa-hatasu-70530609/;Tölgyfa-hatású front + 2 zárt fiók – ez adja vissza legjobban a ház rögzített 'fehér+tölgy' fa tónusát egy szekrényen.;A 'tölgyfa hatás' fóliázott forgácslap, nem valódi tölgy furnér.;termékoldal;2026-09-20;200
08-szoba;Gyerek íróasztal;ajánlott;SMÅGÖRA íróasztal;IKEA;online (ikea.com/hu) + IKEA Budaörs áruház;fehér;93x51 cm;39990;;1;39990;https://www.ikea.com/hu/hu/p/smagoera-iroasztal-feher-90489883/;Letisztult, alacsony, kerek lábú fehér íróasztal – a márka újabb, visszafogottabb gyerekbútor-vonala, jól illik a natúr alaphoz.;Opcionális elem, ha marad hely a szobában.;listaoldal;2026-09-20;200
08-szoba;Gyerekszék;ajánlott;LOBERGET/SIBBEN gyerekforgószék;IKEA;online (ikea.com/hu) + IKEA Budaörs áruház;fehér;állítható magasságú;9990;;1;9990;https://www.ikea.com/hu/hu/p/loberget-sibben-gyerekforgoszek-feher-s59337670/;Egyszerű fehér forgószék az íróasztalhoz, nő a gyerekkel (állítható magasság).;;listaoldal;2026-09-20;200
08-szoba;Mosható szőnyeg;ajánlott;RÖRKÄR szőnyeg, síkszövött;IKEA;online (ikea.com/hu) + IKEA Budaörs áruház;fekete-natúr, 100% pamut, apró rombuszmintás;80x150 cm;8990;;1;8990;https://www.ikea.com/hu/hu/p/roerkaer-szonyeg-sikszoevoett-fekete-natur-70418778/;100% pamut, 40°C-on ténylegesen gépben mosható, apró geometrikus (rombusz) mintás – pontosan a kért 'natúr, apró geometrikus minta' + mosható elvárás.;"A minta natúr+fekete (nem tiszta bézs); 11,55 m²-es szobához kicsi lehet önmagában, érdemes 2 db-ot vagy a nagyobb prémium opciót választani.";termékoldal;2026-09-20;200
08-szoba;Mosható szőnyeg;prémium;Monstera Natural mosható pamut gyerekszőnyeg (Lorena Canals);Bonami;online (bonami.hu), házhozszállítás egész Magyarországra;bézs, pamut, leveles mintával;120x180 cm;70790;;1;70790;https://www.bonami.hu/p/bezs-moshato-kezi-szovesu-pamut-gyerek-szonyeg-120x180-cm-monstera-natural-lorena-canals-1;Nagyobb méret, bézs alapszín, mosható pamut, finom leveles (nem figurális/rajzos) mintával – erősíti az erdei hangulatot.;;termékoldal;2026-09-20;200
08-szoba;Sötétítés;ajánlott;FÖNSTERBLAD sötétítő roló, bézs;IKEA;online (ikea.com/hu) + IKEA Budaörs áruház;bézs textil, alumínium mechanika;120x155 cm (ablakmérethez válaszd a szélességet);8990;;1;8990;https://www.ikea.com/hu/hu/p/foensterblad-soetetito-rolo-bezs-40538447/;Ugyanaz a bézs sötétítő roló család, mint a 06-szobában – egységes megjelenés a két gyerekszoba között, kötelező elsötétítéssel.;;listaoldal;2026-09-20;200
08-szoba;Tárolódoboz;ajánlott;PURRPINGLA tároló;IKEA;online (ikea.com/hu) + IKEA Budaörs áruház;bézs textil;34x51x28 cm;3490;;3;10470;https://www.ikea.com/hu/hu/p/purrpingla-tarolo-textil-bezs-30612254/;Puha, natúr tónusú textil tárolódoboz – könnyen mosható, jól passzol a polcra/gardrób aljába.;;listaoldal;2026-09-20;200
08-szoba;Ágynemű;ajánlott;SOLFIBBLA paplanhuzat+párnahuzat;IKEA;online (ikea.com/hu) + IKEA Budaörs áruház;fehér-zöld, finom csíkos, pamut;140x200/70x90 cm;6990;;2;13980;https://www.ikea.com/hu/hu/p/solfibbla-paplanhuzat-parnahuzat-feher-zoeld-csikos-60627819/;Törtfehér alapon finom zöld csík – pontosan a kért 'off-white/zsálya finom csík' mintázat.;;listaoldal;2026-09-20;200
09-eloter;Fonott kosár;ajánlott;KNIPSA Kosár, tengerifű;IKEA;online (IKEA.hu) + IKEA Budaörs áruház;természetes tengerifű fonat;32x33x32 cm;6990;;1;6990;https://www.ikea.com/hu/hu/p/knipsa-kosar-tengerifu-20110540/;Természetes tengerifű kosár sálaknak, kesztyűknek, gyerekcuccoknak a bejáratnál – a fonott rost itt jelenik meg funkcionálisan.;;termékoldal;2026-09-20;200
09-eloter;Konzolasztal;ajánlott;Titan konzolasztal, tölgyfa dekoros asztallappal – Marckeric;Bonami;online (bonami.hu), házhozszállítás;tölgyfa dekoros (dekorlap) asztallap, natúr, fém/fa lábazat;35x110 cm, mag. 85 cm;83430;akciós, eredeti ár 121 990 Ft;1;83430;https://www.bonami.hu/p/natur-szinu-konzolasztal-tolgyfa-dekoros-asztallappal-35x110-cm-titan-marckeric;35 cm mély, keskeny konzol – pont beleillik a 3,92 m²-es előtérbe, natúr tölgy tónusú lappal, hogy ne csak folyosó legyen az átvezető tér.;A lap tölgy-dekoros (fólia/laminált), nem valódi tölgy furnér vagy tömör fa.;termékoldal;2026-09-20;200
09-eloter;Konzolasztal;olcsóbb;vidaXL szürke sonoma színű szerelt fa konzolasztal;vidaXL;online (vidaxl.hu), házhozszállítás;szürke sonoma tölgy hatású szerelt fa (forgácslap dekorral);88,5x30x75 cm;16340;;1;16340;https://www.vidaxl.hu/e/vidaxl-szurke-sonoma-szinu-szerelt-fa-konzolasztal-885x30x75-cm/8721012126435.html;"Nagyon karcsú, 30 cm mély, olcsó belépő konzol; a szürkés-sonoma tónus illik a ház 'neutrális, enyhén szürkés altónusú' fa-elvéhez.";"Fóliázott forgácslap, nem valódi fa; a sonoma tónus kicsit hidegebb/szürkébb, mint a ház domináns meleg tölgy tónusa – mintát érdemes kérni.";termékoldal;2026-09-20;200
09-eloter;Kulcstartó tálka;ajánlott;VITBLECKA Szervírozótál, világosszürke;IKEA;online (IKEA.hu) + IKEA Budaörs áruház;matt kerámia, világosszürke;Ø 22 cm;1690;;1;1690;https://www.ikea.com/hu/hu/p/vitblecka-szervirozotal-vilagosszuerke-50610089/;Matt, semleges világosszürke tálka a bejárati kulcsoknak, apróságoknak – illik a ház matt kerámia elvéhez.;Világosszürke, nem pontosan homok/törtfehér, de matt és semleges, így beleillik a palettába.;listaoldal;2026-09-20;200
09-eloter;Nagy fali kép;ajánlott;Virgin Forest kép, 50x70 cm – Styler;Bonami;online (bonami.hu), házhozszállítás;keretezett kép, erdő motívum, zöld natúr tónusokban;50x70 cm;17810;akciós, eredeti ár 19 790 Ft;1;17810;https://www.bonami.hu/p/kep-50x70-cm-virgin-forest-styler-1;Erdő témájú, nagyméretű kép – a guideline kifejezetten javasolja, hogy az előtér/közlekedő kapjon 'egy nagyobb képet, hogy ne csak folyosó legyen'.;A keret pontos anyaga/színe (világos fa-e) a terméklapon nem egyértelmű – érdemes rendelés előtt rákérdezni vagy a képet saját világos fa keretbe rendelni.;termékoldal;2026-09-20;200
09-eloter;Tükör;ajánlott;GRINSBOL Tükör, rattan;IKEA;online (IKEA.hu) + IKEA Budaörs áruház;természetes rattan keret, átlátszó akril lakkozás;Ø 55 cm;10990;;1;10990;https://www.ikea.com/hu/hu/p/grinsbol-tuekoer-rattan-30518464/;Kerek forma, természetes rattan keret – pontosan a 'kerek/ovális tükör rattan vagy világos fa kerettel' elvet követi, és megduplázza a bejárati fényt.;;termékoldal;2026-09-20;200
09-eloter;Tükör;prémium;STOCKHOLM Tükör, tölgy furnér;IKEA;online (IKEA.hu) + IKEA Budaörs áruház;tölgy furnér, réteg-ragasztott fa, színezett lakk;Ø 60 cm;24990;;1;24990;https://www.ikea.com/hu/hu/p/stockholm-tuekoer-toelgy-furner-50591585/;Vastagabb, minőségibb tölgy furnér keret, beépített kis polccal – dekoratívabb, prémium megjelenésű kerek tükör.;;termékoldal;2026-09-20;200
11-haztartasi;Alsószekrény mosogatóhoz (fehér, zárt);ajánlott;METOD Alsószekrény mosogatóhoz 2 ajtóval, fehér Enköping;IKEA;online (ikea.com/hu) + áruház (Budaörs, Örs vezér tere, Soroksár);Enköping fehér, fa hatású front, fehér korpusz;Sz 80 × Mé 61,9 (korpusz 60) × Ma 88 (korpusz 80) cm;47000;;1;47000;https://www.ikea.com/hu/hu/p/metod-alsoszekreny-mosogatohoz-2-ajtoval-feher-enkoeping-feher-fa-hat-s19473377/;"A mosogató/szifon eltakarására tervezett alsószekrény – erre kerül a tölgy/bambusz hatású munkalap; zárt fehér frontja illik a helyiség letisztult összképéhez.";Mosogatót/csaptelepet külön kell hozzá választani, a szifonkivágást beépítéskor kell méretre igazíttatni.;termékoldal;2026-09-20;200
11-haztartasi;Faliszekrény (fehér, zárt);ajánlott;METOD Faliszekrény polcokkal/2 ajtóval, fehér Enköping;IKEA;online (ikea.com/hu) + áruház (Budaörs, Örs vezér tere, Soroksár);Enköping fehér, fa hatású front, fehér korpusz;Sz 80 × Mé 38,9 × Ma 60 cm;35400;;1;35400;https://www.ikea.com/hu/hu/p/metod-faliszekreny-polcokkal-2-ajtoval-feher-enkoeping-feher-fa-hat-s79473464/;Szélesebb (80 cm), lágyan záródó METOD zsanérral, ugyanabban az Enköping fehérben, mint az alsó- és a magas szekrény – egységes frontkép a helyiségben.;Darabára magasabb, mint az ENHET-é, cserébe jobb zsanérminőség és 25 éves garancia jár hozzá.;termékoldal;2026-09-20;200
11-haztartasi;Faliszekrény (fehér, zárt);olcsóbb;ENHET Faliszekrény+ajtó, fehér;IKEA;online (ikea.com/hu) + áruház (Budaörs, Örs vezér tere, Soroksár);forgácslemez, műanyag fólia front (min. 30% újrahasznosított), fehér;Sz 60 × Mé 31,6 × Ma 75 cm;26990;;1;26990;https://www.ikea.com/hu/hu/p/enhet-faliszekreny-ajto-feher-40623025/;Szemmagasság fölötti zárt tárolás a mosószereknek – a kisbabás háztartás szabálya szerint a vegyszerek zárva, szemmagasság fölött legyenek.;"Alapváltozat, nem lágyzáródó pánttal; bolti vásárláskor érdemes ezt megnézni.";termékoldal;2026-09-20;200
11-haztartasi;Fedeles tárolódoboz;ajánlott;KUGGIS Fedeles doboz, fehér/bambusz;IKEA;online (ikea.com/hu) + áruház (Budaörs, Örs vezér tere, Soroksár);PET műanyag (min. 50% újrahasznosított) test, bambusz tető;37 × 54 × 21 cm;9490;;2;18980;https://www.ikea.com/hu/hu/p/kuggis-fedeles-doboz-feher-bambusz-s79561291/;"Fehér doboztest, natúr bambusz tetővel – illik a ház fa tónusához; két darab elég a kesztyűk, sálak, apró kerti eszközök rendszerezésére a magas szekrényben.";A doboz teste műanyag, nem üveg vagy fém – nagy súlyú szerszámot ne pakoljanak bele.;termékoldal;2026-09-20;200
11-haztartasi;Fellépő (fa);ajánlott;BEKVÄM Fellépő, bükk;IKEA;online (ikea.com/hu) + áruház (Budaörs, Örs vezér tere, Soroksár);tömör bükkfa;Sz 43 × Mé 39 × Ma 50 cm, teherbírás 100 kg;9490;;1;9490;https://www.ikea.com/hu/hu/p/bekvaem-fellepo-buekk-60178887/;Tömör, világos bükkfa, látszó lábakkal – segít elérni a magas szekrények felső polcait, színben közel áll a ház egységes világos fa tónusához.;"Bükk, nem tölgy – enyhén világosabb/sárgább árnyalatú lehet a fő tölgy tónusnál; bolti mintaegyeztetés javasolt.";termékoldal;2026-09-20;200
11-haztartasi;Fonott szennyeskosár fedéllel (2 db, világos/sötét);ajánlott;Lurdes fedeles szennyeskosár, 2 darabos készlet;Westwing;online (westwing.hu), házhozszállítással;"rattan, fedéllel; választható fekete / világosbarna / világosbézs színben";Ø 35 × Ma 45 cm és Ø 40 × Ma 52 cm (2 különböző méretű kosár egy készletben);79990;;1;79990;https://www.westwing.hu/lurdes-fedeles-szennyestarto-kosar-2-darabos-szett-hu-24wes11629.html;Valódi fonott rattan, fedeles kivitel – teljesíti az irányelv 'fonott kosár a szennyesnek' pontját, a fedél pedig elrejti a szennyest a nappaliból is látszó ajtó mögött.;"Egy készleten belül mindkét kosár azonos színű; a világos+sötét párosításhoz két külön készletet (vagy egy másik gyártó sötét darabját) kell rendelni. Mosható belső zsák nincs mellékelve.";termékoldal;2026-09-20;200
11-haztartasi;Fonott szennyeskosár fedéllel (2 db, világos/sötét);olcsóbb;Passo fedeles szennyeskosár;Westwing;online (westwing.hu), házhozszállítással;vízijácint fonat, pamut-poliészter belső béléssel, bézs;Sz 43 × Ma 55 × Mé 32 cm;23990;;2;47980;https://www.westwing.hu/passo-fedeles-szennyeskosar-hu-23hou48945.html;Kisebb, fonott, fedeles kosár textilbéléssel (ez lényegében a kért mosható betétet helyettesíti) – két darabbal olcsóbban kijön a szennyeskosár-pár, mint egy prémium szett.;Ezen az oldalon csak bézs (világos) színben elérhető – a 'sötét' párdarabhoz külön kell keresni egy sötét színű kosarat, pl. a Lurdes fekete változatából egyet.;termékoldal;2026-09-20;200
11-haztartasi;Magas szekrény (takarítóeszközöknek);ajánlott;METOD Magasszekrény polcokkal/2 ajtó, fehér Enköping;IKEA;online (ikea.com/hu) + áruház (Budaörs, Örs vezér tere, Soroksár);Enköping fehér, fa hatású front (fólia), fehér korpusz;Sz 40 × Mé 61,9 × Ma 228 cm;70900;;1;70900;https://www.ikea.com/hu/hu/p/metod-magasszekreny-polcokkal-2-ajto-feher-enkoeping-feher-fa-hat-s59473511/;A METOD rendszer erősebb korpusszal, lágyan záródó pántokkal és teljes belmagassággal (228 cm) készül – ide fér a vasalódeszka, felmosó és a magasabb flakonok is, ahogy az irányelv 'a szükségesnél is több zárt tárolót' javasol az erdős telek miatt.;"Az Enköping front fólia, nem valódi fa; drágább, tömörfa hatású METOD front is választható, ha ez fontos szempont.";termékoldal;2026-09-20;200
11-haztartasi;Magas szekrény (takarítóeszközöknek);olcsóbb;ENHET Állószkr+ajtóval, fehér;IKEA;online (ikea.com/hu) + áruház (Budaörs, Örs vezér tere, Soroksár);forgácslemez, műanyag fólia front, fehér;Sz 30 × Mé 32,1 × Ma 180 cm;39990;;1;39990;https://www.ikea.com/hu/hu/p/enhet-alloszkr-ajtoval-feher-10623036/;"Keskeny (30 cm), padlótól plafonig érő zárt fehér szekrény – ide fér a porszívó, felmosóvödör, tisztítószerek; megfelel a helyiségre előírt 'zárt, fehér frontok' elvnek.";Fóliázott forgácslemez, nem tömör fa vagy furnér – nedves törlőkendővel tisztítható, de tartós nedvességnek ne tegyék ki.;termékoldal;2026-09-20;200
11-haztartasi;Mennyezeti lámpa (LED, funkcionális);ajánlott;BARLAST LED mennyezeti/falilámpa, fehér;IKEA;online (ikea.com/hu) + áruház (Budaörs, Örs vezér tere, Soroksár);fehér polipropilén/polisztirol, beépített LED;"Ø 25 × Ma 6,7 cm; 9,5 W, 900 lm, 2700 K, CRI 80, IP44";2990;;1;2990;https://www.ikea.com/hu/hu/p/barlast-led-mennyezeti-falilampa-feher-00525908/;Beépített LED-es, 2700 K meleg fehér fényű, IP44-es (fürdőszobai/nedves helyiségi) lámpa – pont a kért 'fényes, funkcionális' világítást adja, párás környezetben is biztonságosan.;"CRI 80-as értéke elmarad a ház többi helyiségére megcélzott CRI90+ szinttől; ha ez fontos, cserélhető fényforrású, CRI90+ izzós lámpát kell keresni helyette.";termékoldal;2026-09-20;200
11-haztartasi;Mosógép-szárítógép magasító/összeépítő elem;ajánlott;ENHET Magasítóelem mosógép/szárítógép alá, fehér;IKEA;online (ikea.com/hu) + áruház (Budaörs, Örs vezér tere, Soroksár);porszórt acél váz + forgácslemez front, fehér;Sz 60 × Mé 61,6 × Ma 45 cm, fiókkal és kihúzható polccal;44990;;1;44990;https://www.ikea.com/hu/hu/p/enhet-magasitoelem-mosogep-szaritogep-ala-feher-30622984/;Derékmagasságba emeli a gépet, fiókja a mosószereknek, kihúzható polca a szennyeskosárnak – napi használatra kényelmesebb, mint egy sima keret, és illik az ENHET szekrénysorhoz.;"FONTOS: ez egy gép (nem két gép egymásra épített) magasítására való; ha ténylegesen mosógép fölé kell szárítógépet tenni, a vidaXL keret (fenti sor) kell helyette.";termékoldal;2026-09-20;200
11-haztartasi;Mosógép-szárítógép magasító/összeépítő elem;olcsóbb;vidaXL mosógép összeépítő keret kihúzható polccal;vidaXL;online (vidaxl.hu), házhozszállítással;fehér, porszórt acél;"60 × 60 × 8 cm; keret teherbírása 80 kg, polc 4 kg";17090;;1;17090;https://www.vidaxl.hu/e/vidaxl-mosogep-osszeepito-keret-kihuzhato-polccal/8718475945369.html;Univerzális keret, ami biztonságosan rögzíti a szárítógépet a mosógép tetejére, kihúzható polccal a szennyeskosárnak – ez a klasszikus 'egymásra pakolós' megoldás.;"Csak a keretet adja; a gépek pontos szélességét/mélységét a vásárlás előtt egyeztetni kell, mert nem minden márkához illik egyformán.";termékoldal;2026-09-20;200
11-haztartasi;Munkalap (tölgy/bambusz hatású);ajánlott;KARLBY Munkalap, tölgy/furnér;IKEA;online (ikea.com/hu) + áruház (Budaörs, Örs vezér tere, Soroksár);valódi tölgyfurnér (3 mm), olajos-akrilos kezeléssel;186 × 63,5 cm, vastagság 3,8 cm;54990;;1;54990;https://www.ikea.com/hu/hu/p/karlby-munkalap-toelgy-furner-70335189/;Valódi tölgyfurnér – az irányelv 'inkább tömör fa/valódi furnér, mint fóliás forgácslap' elvét ez az elem váltja valóra a helyiségben, ráadásul azonos tónusú, mint a konyhai kőpult melletti fa elemek.;"Nedves helyen időnként olajozást igényel, különben foltosodhat; a 186 cm-es hossz vágással igazítható az alsószekrény-sorhoz.";termékoldal;2026-09-20;200
11-haztartasi;Munkalap (tölgy/bambusz hatású);olcsóbb;SÄLJAN Munkalap, tölgyfa hatású/laminált;IKEA;online (ikea.com/hu) + áruház (Budaörs, Örs vezér tere, Soroksár);tölgyfa hatású, laminált forgácslemez;246 × 63,5 cm, vastagság 3,8 cm;26990;;1;26990;https://www.ikea.com/hu/hu/p/saeljan-munkalap-toelgyfa-hatasu-laminalt-80439209/;Világos tölgy hatású, matt laminált felület – megfizethetően hozza a házban rögzített tölgy tónust a háztartási helyiségbe is.;"Fóliázott forgácslemez, nem valódi fa; vizes pontnál a vágott szél duzzadhat, szilikonos zárás javasolt a mosogató körül.";termékoldal;2026-09-20;200
11-haztartasi;Vasalódeszka;ajánlott;DÄNKA Vasalódeszka;IKEA;online (ikea.com/hu) + áruház (Budaörs, Örs vezér tere, Soroksár);pamut hálós felület, acél váz;vasalófelület 120 × 37 cm, magasság állítható 69–95 cm;10990;akciós, eredeti 12 990 Ft;1;10990;https://www.ikea.com/hu/hu/p/daenka-vasalodeszka-20471612/;Állítható magasságú, semleges pamut huzatú vasalódeszka – nem üt el a fehér helyiség letisztult összképétől.;A huzat pontos árnyalatát/mintázatát a termékoldal nem részletezi – bolti mintán érdemes ellenőrizni.;termékoldal;2026-09-20;200
11-haztartasi;Zárt szekrény/gardrób kerti-erdei felszereléshez;olcsóbb;ENHET Állószkr+ajtóval, fehér;IKEA;online (ikea.com/hu) + áruház (Budaörs, Örs vezér tere, Soroksár);forgácslemez, műanyag fólia front, fehér;Sz 30 × Mé 32,1 × Ma 180 cm;39990;;1;39990;https://www.ikea.com/hu/hu/p/enhet-alloszkr-ajtoval-feher-10623036/;Ugyanaz a padlótól plafonig érő fehér ENHET elem, csak külön darabban: ide kerülnek a gumicsizmák, esőkabátok, kerti szerszámok – az irányelv kifejezetten a szükségesnél is több zárt tárolót javasol az erdős telek miatt.;Csak 30 cm mély – magas szárú csizmák állva nehezen férnek bele, inkább fekve/polcon vagy külön csizmatálcával együtt érdemes tervezni.;termékoldal;2026-09-20;200
11-haztartasi;Zárt szekrény/gardrób kerti-erdei felszereléshez;prémium;PLATSA Gardrób 4 ajtóval és 3 fiókkal, fehér/Fonnes fehér;IKEA;online (ikea.com/hu) + áruház (Budaörs, Örs vezér tere, Soroksár);forgácslemez, papírfólia front, fehér;Sz 120 × Mé 56,8 × Ma 241,1 cm;183150;;1;183150;https://www.ikea.com/hu/hu/p/platsa-gardrob-4-ajtoval-es-3-fiokkal-feher-fonnes-feher-s19585879/;"Moduláris, akasztórudas, fiókos, nagy férőhelyű zárt gardrób – felakasztható benne az esőkabát, a fiókokban elfér a kesztyű, sapka és kisebb szerszám; ez adja a legtöbb zárt tárhelyet a felsoroltak közül.";120 cm széles, ami az 5,01 m²-es helyiség egyik falát szinte teljesen elfoglalja – alaprajz-egyeztetés szükséges megrendelés előtt.;termékoldal;2026-09-20;200
11-haztartasi;Összecsukható ruhaszárító;ajánlott;MULIG Ruhaszárító, bel/kültéri, fehér;IKEA;online (ikea.com/hu) + áruház (Budaörs, Örs vezér tere, Soroksár);porszórt acél, fehér;173 × 57 × 103 cm, 19 m szárítófelület;7990;;1;7990;https://www.ikea.com/hu/hu/p/mulig-ruhaszarito-bel-kuelteri-feher-50228755/;Összecsukható, fehér száradóállvány – használaton kívül laposra hajtva alig foglal helyet az 5,01 m²-es helyiségben.;"Nem falra szerelt, hanem önállóan álló modell; kifejezetten fali kart barkácsáruházban (OBI/Bauhaus) érdemes még keresni.";termékoldal;2026-09-20;200
13-kozlekedo;Futószőnyeg;ajánlott;MORUM Szőnyeg, síkszövött, bel/kültéri, bézs;IKEA;online (IKEA.hu) + IKEA Budaörs áruház;100% polipropilén, bézs, gumírozott csúszásgátló hátoldal;80x200 cm;7990;;1;7990;https://www.ikea.com/hu/hu/p/morum-szonyeg-sikszoevoett-bel-kuelteri-bezs-80624160/;Kézzel mosható, csúszásgátló hátú, bel/kültéri szőnyeg – pont a hidegburkolatos, keskeny közlekedőbe való, baba-barát, letörölhető felület.;Nem természetes rost (polipropilén), de ezért mosható és csúszásmentes – ez itt fontosabb szempont, mint a juta.;termékoldal;2026-09-20;200
14-gardrob;Fa vállfa;ajánlott;BUMERANG Vállfa, natúr;IKEA;online (ikea.com/hu) + áruház (Budaörs);tömör fa, natúr, áttetsző lakkozással;8 db/csomag;1990;/csomag (8 db, azaz kb. 249 Ft/db);2;3980;https://www.ikea.com/hu/hu/p/bumerang-vallfa-natur-30238543/;Természetes fa vállfa – illik a ház fa tónusához, és olcsón nagy mennyiségben beszerezhető (2 csomag = 16 db).;A pontos favajta a termékoldalon nincs megadva.;termékoldal;2026-09-20;200
14-gardrob;Gardróbvilágítás (LED szalag);ajánlott;ÖVERSIDAN LED-es gardróbvilágítás + érzékelő, sötétszürke;IKEA;online (ikea.com/hu) + áruház (Budaörs);LED szalag, sötétszürke ház;96 cm (46 és 71 cm is kapható), 4,6 W, 290 lm;7490;tápegység (TRÅDFRI) külön szükséges;1;7490;https://www.ikea.com/hu/hu/p/oeversidan-led-es-gardrobvilagitas-erzekelo-fenyereje-szabh-soetetszuerke-00589556/;Mozgásérzékelős polc/rúd alá szerelhető LED-csík – gyors, jó fényt ad a ruhaválasztáshoz, ami az irányelv szerint kritikus a gardróbban.;A termékoldal nem adja meg pontosan a színhőmérsékletet/CRI-t – boltban vagy megrendelés előtt érdemes rákérdezni, hogy 2700K meleg fehér (ne hideg, kékes fehér) legyen.;termékoldal;2026-09-20;200
14-gardrob;Mennyezeti spotlámpa;ajánlott;MITTLED LED-es spotlámpa, fehér;IKEA;online (ikea.com/hu) + áruház (Budaörs);fehér, szabályozható fényerő;kompakt beépíthető/felszerelhető spot;4490;/db;1;4490;https://www.ikea.com/hu/hu/p/mittled-led-es-spotlampa-fenyereje-szabh-feher-00528662/;Kiegészítő mennyezeti általános fény a LED-szalag mellé, szabályozható fényerővel – a kis gardróbban ez adja az egyenletes alapfényt.;"Vásárlás előtt ellenőrizendő, hogy 2700K-s, meleg fehér kivitelben kapható-e; a hideg fehér változat nem illik a ház egységes fényhőmérsékletéhez.";listaoldal;2026-09-20;200
14-gardrob;Nyitott gardróbrendszer;ajánlott;BOAXEL Gardrób komb, fehér/tölgy;IKEA;online (ikea.com/hu) + áruház (Budaörs);fehér porszórt acél váz, tölgyfa hatású polcok;125x40x201 cm;53850;;1;53850;https://www.ikea.com/hu/hu/p/boaxel-gardrob-komb-feher-toelgy-s59575784/;Ajtó nélküli, nyitott rendszer, fehér+tölgy kombináció – ez illik a ház tölgy alaptónusához, és jól kihasználja a 2,79 m²-es teret polcokkal, rúddal és kosarakkal.;"Falra kell rögzíteni (nem szabadon álló); a polcok fólia/papírbevonatú tölgyhatásúak, nem valódi furnér.";termékoldal;2026-09-20;200
14-gardrob;Nyitott gardróbrendszer;olcsóbb;BOAXEL Gardrób komb, fehér;IKEA;online (ikea.com/hu) + áruház (Budaörs);fehér porszórt acél váz és polcok;82x40x201 cm;29900;;1;29900;https://www.ikea.com/hu/hu/p/boaxel-gardrob-komb-feher-s49332362/;Ugyanaz a moduláris, nyitott BOAXEL rendszer kisebb és olcsóbb kivitelben – jó belépő megoldás szűk térbe.;Nincs fa tónusú elem, csak fehér – a ház fa-egységéhez fa hatású polcok (pl. BOAXEL polc tölgyfa hatású, kb. 4500 Ft/db) utólag hozzáadhatók.;listaoldal;2026-09-20;200
14-gardrob;Nyitott gardróbrendszer;prémium;ELVARLI Gardrób komb, fehér/bambusz;IKEA;online (ikea.com/hu) + áruház (Budaörs);fehér alumínium váz, bambusz polcok;135x50,8x221,5-350 cm (állítható magasság);161000;;1;161000;https://www.ikea.com/hu/hu/p/elvarli-gardrob-komb-feher-bambusz-s19158156/;Nyitott polcos rendszer valódi bambusz polcokkal (fonott rost hatás) – vizuálisan a legmelegebb, legtermészetesebb tölgy-rokon tónus a három opció közül.;"Mennyezeti rögzítést igényel (2 fő kell az összeszereléshez); 135 cm szélessége a 2,79 m²-es gardróbban helyszíni méréssel ellenőrizendő, mielőtt megrendelnéd.";termékoldal;2026-09-20;200
14-gardrob;Tárolókosár;ajánlott;KNIPSA Kosár, tengerifű;IKEA;online (ikea.com/hu) + áruház (Budaörs);tengerifű, natúr;32x33x32 cm;6990;/db;3;20970;https://www.ikea.com/hu/hu/p/knipsa-kosar-tengerifu-20110540/;Természetes fonott rost (tengerifű) tárolókosár a polcokra – az irányelv 'fonott rost minden helyiségben' elve, itt kifejezetten tárolásra.;;listaoldal;2026-09-20;200
14-gardrob;Zsámoly / puff;ajánlott;TOLKNING Puff tárolóval, kézzel készült, rattan;IKEA;online (ikea.com/hu) + áruház (Budaörs);kézzel font rattan, natúr;kerek puff, rejtett tárolóval;34990;;1;34990;https://www.ikea.com/hu/hu/p/tolkning-puff-taroloval-kezzel-keszuelt-rattan-90512666/;Kis fonott rattan zsámoly, üléshez öltözködéskor, rejtett tárolóval – illik a hálóban lévő TOLKNING pad anyagához, egységes fonott-akcentust adva a háznak.;;listaoldal;2026-09-20;200
14-gardrob;Álló tükör;ajánlott;IKORNNES Állótükör, kőris;IKEA;online (ikea.com/hu) + áruház (Budaörs);rétegelt kőris furnér, natúr, áttetsző lakkozással;52x167 cm, hátoldalán ruhaakasztó rúddal;44990;;1;44990;https://www.ikea.com/hu/hu/p/ikornnes-allotuekoer-koris-30298396/;Világos fa (kőris) keretes álló tükör – az irányelv kifejezetten megengedi az 'tölgy VAGY kőris/nyír' fa családot, ez teljes alakos tükörként is működik a gardróbban.;A keret kőris, nem tölgy – világos, semleges tónusa miatt vizuálisan illeszkedik, de érdemes mintát/fotót egyeztetni a tölgy bútorok mellett.;termékoldal;2026-09-20;200
16-17-terasz;Bisztró szett (kis terasz);ajánlott;TÄRNÖ Asztal+2 szék, kültéri;IKEA;online + áruház (Budaörs, Örs vezér tere, Soroksár);"tömör akácfa ülőlapok, fekete porszórt festésű acélváz; Frösön/Duvholmen bézs párnák";"asztal 55 x 54 cm, mag. 70 cm; szék 39 x 40 cm";27390;akciós, eredeti 36 390 Ft;1;27390;https://www.ikea.com/hu/hu/p/taernoe-asztal-2-szek-kuelteri-fekete-vilagosbarnara-pacolt-froesoen-duvholmen-bezs-s59270863/;Kompakt reggelizőszett a 12,22 m²-es kis teraszra, összecsukható darabok, fa ülőfelület és matt fekete fém – illik az egyetlen megengedett fémszínhez.;"A váz fekete acél, nem tömör fa; a fém nagyobb felületen jelenik meg, mint az irányelv „kis adagban” elve javasolná.";termékoldal;2026-09-20;200
16-17-terasz;Bútorhuzat;ajánlott;TOSTERÖ Huzat kültéri bútorhoz (kanapé);IKEA;online + áruház (Budaörs, Örs vezér tere, Soroksár);vízálló szövet, fekete;220 x 220 cm;19990;;1;19990;https://www.ikea.com/hu/hu/p/tosteroe-huzat-kuelteri-butorhoz-kanape-fekete-20532309/;Erdős telken a hulló levél és a nedvesség miatt fontos a téli/téliesített letakarás – ez véd a lombtól és a csapadéktól a fa kanapén.;Csak fekete színben elérhető – esztétikailag nem illik a palettához, de télire úgyis eltakarja a bútort.;termékoldal;2026-09-20;200
16-17-terasz;Fa ápoló olaj;ajánlott;Sadolin kertibútor ápoló olaj 0,75l teak;Praktiker;online (praktiker.hu) + áruház (23 magyarországi Praktikerben raktáron);színtelen/teak árnyalatú ápoló olaj;0,75 l;1690;;2;3380;https://www.praktiker.hu/epites-felujitas/festek-lakk-ragaszto/oldoszeres-festek/sadolin-kertibutor-apolo-olaj-0-75l-teak/p/275855;Akácra és teakre egyaránt ajánlott ápoló olaj – az erdős, nedves telken a fa bútoroknak évi 1-2 kezelésre lesz szükségük a kiszáradás/repedés ellen, ahogy azt az IKEA akác termékoldalai is javasolják.;;termékoldal;2026-09-20;200
16-17-terasz;Fényfüzér;ajánlott;GETKÅL LED-es világító füzér, kültéri;IKEA;online + áruház (Budaörs, Örs vezér tere, Soroksár);polikarbonát búra, hálózati tápellátás;15 m, 100 db LED;4990;;1;4990;https://www.ikea.com/hu/hu/p/getkal-led-es-vilagito-fuezer-kuelteri-30602877/;Fix, 2700 K meleg fehér fényű, IP44-es kültéri füzér – pontosan a ház egységes 2700 K színhőmérsékletéhez illeszkedik, alkonykapcsolóval.;Hálózati (nem szolár) tápellátású, aljzat vagy hosszabbító kell hozzá a teraszon.;termékoldal;2026-09-20;200
16-17-terasz;Hintaszék;ajánlott;vidaXL tömör akácfa hintaszék párnákkal;vidaXL;online (vidaxl.hu, házhozszállítás egész Magyarországra);"tömör akácfa, olajozott felület; 100% poliészter (vízálló) párnák";kétszemélyes hintapad, kb. 110 kg/ülőhely teherbírás;70030;;1;70030;https://www.vidaxl.hu/e/vidaxl-tomor-akacfa-hintaszek-parnakkal/8720286281079.html;"Fa hintapad az inspirációs képen látott ""fedett-veranda-hintaszek-erdo"" hangulathoz – opcionális extra a kis teraszra, vízálló párnákkal.";"Opcionális tétel; nagy, lánccal vagy állvánnyal felfüggesztett darab, mérje le előre a kis terasz belmagasságát/helyét.";termékoldal;2026-09-20;200
16-17-terasz;Kültéri fali lámpa;ajánlott;UPPLID Falilámpa, kültéri;IKEA;online + áruház (Budaörs, Örs vezér tere, Soroksár);matt fekete fém, átlátszó üveg búra;28 cm;10990;;2;21980;https://www.ikea.com/hu/hu/p/upplid-falilampa-kuelteri-fekete-20227535/;IP44-es, matt fekete kültéri fali lámpa – a ház egyetlen elfogadott fémszínében, a bejárat/terasz ajtó két oldalára.;Az izzó külön vásárlandó (E27, kerek átlátszó LED) – vegyünk hozzá 2700 K-es, 90+ CRI izzót, mert a lámpa maga nem tartalmazza.;termékoldal;2026-09-20;200
16-17-terasz;Kültéri kisasztal;ajánlott;NÄMMARÖ Asztal, kültéri;IKEA;online + áruház (Budaörs, Örs vezér tere, Soroksár);tömör akácfa, akril pác, világos barnára pácolt;75 x 63 cm;23990;;1;23990;https://www.ikea.com/hu/hu/p/naemmaroe-asztal-kuelteri-vilagos-barnara-pacolt-00510308/;Kisasztal/dohányzóasztal a lounge kanapé mellé, azonos akác tónusban – a kis teraszon reggeli kávézóasztalkaként is használható.;;termékoldal;2026-09-20;200
16-17-terasz;Kültéri lounge / kanapé;ajánlott;NÄMMARÖ 3-személyes kanapé, kültéri, lábtartóval;IKEA;online + áruház (Budaörs, Örs vezér tere, Soroksár);"tömör akácfa váz, világos barnára pácolt; Kuddarna világosszürke-bézs párnák";210 x 74 cm, mag. 82 cm;177000;;1;177000;https://www.ikea.com/hu/hu/p/naemmaroe-3-szemelyes-kanape-kuelteri-labtartoval-vilagos-barnara-pacolt-kuddarna-vilagosszuerke-bezs-s29575224/;"Fa vázas kültéri kanapé törtfehér-bézs párnákkal, pontosan az irányelv kérése szerint; a lábtartó esti pihenéshez is jó.";A párnahuzat levehetőségéről/moshatóságáról a termékoldal nem közöl külön adatot – érdemes rákérdezni vásárlás előtt, esős idényben mindenképp fedél alá vagy huzat alá kell tenni.;termékoldal;2026-09-20;200
16-17-terasz;Kültéri lounge / kanapé;olcsóbb;NÄMMARÖ 2-személyes kanapé, kültéri;IKEA;online + áruház (Budaörs, Örs vezér tere, Soroksár);tömör akácfa, akril pác, világos barnára pácolt;126 x 74 cm, mag. 70 cm;62000;párna nélkül;1;62000;https://www.ikea.com/hu/hu/p/naemmaroe-2-szemelyes-kanape-vilagos-barnara-pacolt-kuelteri-s19579307/;Kisebb kétszemélyes elem a kisebb büdzséhez, ugyanabban az akác tónusban, mint a nagy kanapé – bővíthető később NÄMMARÖ elemekkel.;A párna itt nincs benne az árban, azt (pl. Kuddarna vagy Frösön/Duvholmen) külön kell megvenni törtfehér/bézs színben.;termékoldal;2026-09-20;200
16-17-terasz;Kültéri lounge / kanapé;prémium;NÄMMARÖ 3-személyes sarokkanapé, kültéri;IKEA;online + áruház (Budaörs, Örs vezér tere, Soroksár);"tömör akácfa váz, világos barnára pácolt; Kuddarna világosszürke-bézs párnák";210 cm, L-alakú;190000;;1;190000;https://www.ikea.com/hu/hu/p/naemmaroe-3-szemelyes-sarokkanape-kuelteri-vilagos-barnara-pacolt-kuddarna-vilagosszuerke-bezs-s09575215/;L-alakú sarokváltozat nagyobb ülőfelületet ad a 29,43 m²-es teraszon, ugyanabban a fa- és textiltónusban, mint az ajánlott kanapé.;Nagy helyigényű darab – érdemes lemérni, hogy a sarokforma illeszkedik-e a terasz kialakításához.;termékoldal;2026-09-20;200
16-17-terasz;Kültéri párna;ajánlott;FRÖSÖN/DUVHOLMEN Üléspárna, kültéri;IKEA;online + áruház (Budaörs, Örs vezér tere, Soroksár);100% poliészter (min. 90% újrahasznosított), bézs;80 x 80 cm, 13 cm vastag;18000;;3;54000;https://www.ikea.com/hu/hu/p/froesoen-duvholmen-uelesparna-kuelteri-bezs-s09631179/;Törtfehér/bézs, vízlepergető, cipzáras – levehető, mosható huzat, ami a kisbabás háztartás szűrőjének is megfelel.;;termékoldal;2026-09-20;200
16-17-terasz;Kültéri párnahuzat;ajánlott;TOFTÖ Díszpárnahuzat, sötét szürkészöld;IKEA;online + áruház (Budaörs, Örs vezér tere, Soroksár);100% polipropilén (min. 40% újrahasznosított) huzat, 100% poliészter alaplap, tompított szürkészöld (zsálya-közeli);50 x 50 cm;3990;"akciós, eredeti 5990 Ft; a párnabetét külön vásárlandó";4;15960;https://www.ikea.com/hu/hu/p/toftoe-diszparnahuzat-soetet-szuerkeszoeld-kuelteri-belteri-00581310/;Ez a tompított, sötét szürkészöld tónus a legközelebbi elérhető IKEA-s párna a kért zsályazöld akcentushoz – fényálló, kültéren sem fakul.;"A párnabetétet külön kell hozzá venni; a szín inkább „szürkészöld”, nem tiszta zsálya – helyszínen érdemes mintát nézni a többi zöld textillel együtt.";termékoldal;2026-09-20;200
16-17-terasz;Kültéri szőnyeg;ajánlott;MORUM Szőnyeg, síkszövött, bel/kültéri;IKEA;online + áruház (Budaörs, Örs vezér tere, Soroksár);100% polipropilén, szintetikus gumi hátoldal, bézs;200 x 300 cm;29990;;1;29990;https://www.ikea.com/hu/hu/p/morum-szonyeg-sikszoevoett-bel-kuelteri-bezs-80198295/;Pontosan a kért méret (200x300) és anyag (PP síkszövött, juta hatású), bézs tónusa a beltéri padló homok/bézs színét folytatja a teraszon.;;termékoldal;2026-09-20;200
16-17-terasz;Kültéri szőnyeg;olcsóbb;FULLMAKT Szőnyeg, síkszövött, bel/kültéri;IKEA;online + áruház (Budaörs, Örs vezér tere, Soroksár);bézs kevert, síkszövött;80 x 150 cm;16990;;2;33980;https://www.ikea.com/hu/hu/p/fullmakt-szonyeg-sikszoevoett-bel-kuelteri-bezs-kevert-60573114/;"Olcsóbb belépő méret; két darabbal (pl. az étkező- és a lounge-zóna elé) lefedhető a nagy terasz jelentős része a 200x300-as szőnyeg áránál kevesebbért.";Nem egy nagy darab, hanem kisebb szőnyegek – vizuálisan törtebb hatású, mint egy nagy egybefüggő szőnyeg.;listaoldal;2026-09-20;200
16-17-terasz;Kültéri étkezőasztal;ajánlott;VÄSMAN Bővíthető asztal, kültéri;IKEA;online + áruház (Budaörs, Örs vezér tere, Soroksár);tömör akácfa asztallap (akril pác, világos barnára pácolt), porszórt festésű acélváz;135/190 x 74 cm, mag. 75 cm;69990;;1;69990;https://www.ikea.com/hu/hu/p/vaesman-bovitheto-asztal-kuelteri-vilagos-barnara-pacolt-30469034/;Bővíthető 135-ről 190 cm-re, így 6-8 fő is leülhet – a nagy teraszra ajánlott 180-220 cm-es méretet így éri el. Fa asztallap, ahogy az irányelv kéri.;A lábazat porszórt acél, nem tömör fa – évente 1-2x újrapácolást igényel a fa lap, hogy ne száradjon ki.;termékoldal;2026-09-20;200
16-17-terasz;Kültéri étkezőasztal;olcsóbb;NÄMMARÖ Asztal, kültéri;IKEA;online + áruház (Budaörs, Örs vezér tere, Soroksár);tömör akácfa, akril pác, világos barnára pácolt;140 x 75 cm, mag. 75 cm;49990;;1;49990;https://www.ikea.com/hu/hu/p/naemmaroe-asztal-kuelteri-vilagos-barnara-pacolt-20510307/;Teljesen tömör akácfa, fém elemek nélkül – vásárlói vélemények szerint 8 főnek is elég hely van körülötte, pedig 140 cm-es.;"A 180-220 cm-es célmérethez képest kisebb; szorosabb elrendezésben ülnek majd 6-8-an.";termékoldal;2026-09-20;200
16-17-terasz;Kültéri étkezőasztal;prémium;vidaXL tömör akácfa kerti asztal 200 x 100 x 74 cm;vidaXL;online (vidaxl.hu, házhozszállítás egész Magyarországra);tömör akácfa, natúr/kezeletlen felület;200 x 100 x 74 cm;94010;;1;94010;https://www.vidaxl.hu/e/vidaxl-tomor-akacfa-kerti-asztal-200-x-100-x-74-cm/8718475607373.html;A legnagyobb, végig tömör akácfa asztal a listán (fém láb nélkül) – valódi, nehéz fa darab, ami elbírja a 6-8 fős étkezést és jól illik az erdős telek robusztusabb hangulatához.;"Kezeletlen felület, beszerelés után mindenképp le kell olajozni/pácolni; a vidaXL szállítási ideje hosszabb lehet szezon végén.";termékoldal;2026-09-20;200
16-17-terasz;Kültéri étkezőszék;ajánlott;NÄMMARÖ Állítható támlájú szék, kültéri, összecsukható;IKEA;online + áruház (Budaörs, Örs vezér tere, Soroksár);tömör akácfa, akril pác, világos barnára pácolt;49 x 50 cm, mag. 81 cm, ülésmagasság 45 cm;25000;/db;6;150000;https://www.ikea.com/hu/hu/p/naemmaroe-allithato-tamlaju-szek-kuelteri-oesszecsukhato-vilagos-barnara-pacolt-50510301/;"Összecsukható, ezért télen könnyen tárolható a fedett teraszrészen vagy a háztartási helyiségben; 6 db azonos fatónusú szék illeszkedik a ház domináns akác/tölgy jellegű fa palettájához.";;termékoldal;2026-09-20;200
16-17-terasz;Kültéri étkezőszék;olcsóbb;NÄMMARÖ Szék, kültéri, összecsukható;IKEA;online + áruház (Budaörs, Örs vezér tere, Soroksár);tömör akácfa, akril pác, világos barnára pácolt;39 x 40 cm, mag. 79 cm;13000;akciós, eredeti 15 000 Ft/db;6;78000;https://www.ikea.com/hu/hu/p/naemmaroe-szek-kuelteri-oesszecsukhato-vilagos-barnara-pacolt-50503353/;Egyszerűbb, dönthető háttámla nélküli változat, de ugyanaz az akácfa és tónus, mint a többi NÄMMARÖ darab – jó ár/érték 6 db-hoz.;Kevésbé kényelmes hosszabb étkezéshez, nincs dönthető háttámla.;termékoldal;2026-09-20;200
16-17-terasz;Kültéri étkezőszék;prémium;NÄMMARÖ Szék karfával, kültéri (Kuddarna párnával);IKEA;online + áruház (Budaörs, Örs vezér tere, Soroksár);"tömör akácfa, akril pác, világos barnára pácolt; Kuddarna világosszürke-bézs párna";karfás, ülésmagasság kb. 45 cm;28500;/db, párnával együtt;6;171000;https://www.ikea.com/hu/hu/p/naemmaroe-szek-karfaval-kuelteri-vilagos-barnara-pacolt-froesoen-duvholmen-bezs-s29607705/;Karfás, párnázott változat – kényelmesebb hosszabb étkezésekhez, a párna törtfehér/világosszürke-bézs tónusa illik az irányelv textilszínéhez.;Nem összecsukható, nagyobb helyet foglal télre való bezsúfoláskor.;termékoldal;2026-09-20;200
16-17-terasz;Lámpás;ajánlott;PÅVEFINK Lámpás tömbgyertyához, bambusz;IKEA;online + áruház (Budaörs, Örs vezér tere, Soroksár);bambusz váz, rattan kötözés, átlátszó hőálló üveg;Ø 27 cm, mag. 33 cm;12990;;2;25980;https://www.ikea.com/hu/hu/p/pavefink-lampas-toembgyertyahoz-bambusz-80610002/;"Fonott bambusz/rattan lámpás pár, ami az irányelv fonott rost akcentusát hozza a teraszra; LED gyertyával biztonságosan használható kisgyerek mellett is.";"SZEZONVÉGI KÉSZLET: a termékoldal ""utolsó esély a vásárlásra"" jelzéssel fut 2026 szeptemberében – érdemes hamar rendelni, mert könnyen elfogyhat, utánpótlás nem biztos.";termékoldal;2026-09-20;200
16-17-terasz;Lámpás;olcsóbb;BORRBY Lámpás tömbgyertyához;IKEA;online + áruház (Budaörs, Örs vezér tere, Soroksár);matt fekete fém, üveg;28 cm;2490;/db;2;4980;https://www.ikea.com/hu/hu/p/borrby-lampas-toembgyertyahoz-bel-kuelter-fekete-10156109/;Egyszerű, tartós matt fekete lámpás – a ház egyetlen megengedett fémszínében –, ha a bambusz PÅVEFINK elfogy vagy olcsóbb megoldás kell.;Kevésbé „fonott/organikus” hatású, mint a bambusz verzió, inkább minimál fém forma.;termékoldal;2026-09-20;200
16-17-terasz;Nagy virágtartó;ajánlott;MÅBÄRSBUSKE Virágcserép, kültéri;IKEA;online + áruház (Budaörs, Örs vezér tere, Soroksár);acél, porszórt festés, sötétbézs, matt;Ø 44/50 cm, mag. 25 cm;11990;;2;23980;https://www.ikea.com/hu/hu/p/mabaersbuske-viragcserep-kuelteri-soetetbezs-60630416/;Fagyálló (fedve kint hagyható télen is), matt sötétbézs – pontosan a kért homok/törtfehér-semleges tónus egy olajfa vagy dísznövény-fűcsomó számára.;Fém, nem kerámia anyagú – ha kerámiahatást szeretnénk, ez inkább matt fém felület.;termékoldal;2026-09-20;200
16-17-terasz;Napellenző;ajánlott;SVALÖN / IGGÖN Függő napernyő talppal;IKEA;online + áruház (Budaörs, Örs vezér tere, Soroksár);"100% poliészter (min. 90% újrahasznosított), világosszürke-bézs vászon; galvanizált acél váz, sötétszürke talp";300 x 200 cm, mag. 240 cm;84980;talppal együtt (homokzsákos talp, 2x30 kg homok szükséges hozzá);1;84980;https://www.ikea.com/hu/hu/p/svaloen-iggoen-fueggo-napernyo-talppal-vilagosszuerke-bezs-soetetszuerke-s49576213/;Függő (oldalt konzolos) napernyő, ezért az asztal fölött nincs középső láb – a legjobb színillesztés a törtfehér/bézs palettához az IKEA napernyők közül.;"Szeles időben mindig össze kell csukni, nem marad kint automatikusan biztonságosan; erdős telken a lombkorona valamennyi szélvédelmet ad, de nyílt, szeles napokon erre figyelni kell.";termékoldal;2026-09-20;200
16-17-terasz;Napellenző / árnyékoló vitorla;olcsóbb;vidaXL bézs HDPE napvitorla 160 g/m² 3 x 4 m;vidaXL;online (vidaxl.hu, házhozszállítás egész Magyarországra);HDPE (sűrűségű polietilén) szövet, bézs;3 x 4 m (négyszögletes);13150;;1;13150;https://www.vidaxl.hu/e/vidaxl-bezs-hdpe-napvitorla-160-gm2-3-x-4-m/8720286096901.html;Fix árnyékoló vitorla, jóval nagyobb felületet fed be alacsonyabb áron, mint egy hordozható napernyő – erdős, páradús telken légáteresztő, gyorsan szárad.;"Rögzítő oszlopok/fali fülek nem részei a csomagnak, azokat külön kell megoldani; nem hordozható, rögzített kiépítést igényel.";termékoldal;2026-09-20;200
16-17-terasz;Pihenő fotel (kis terasz);prémium;NÄMMARÖ Pihenőszék, kültéri;IKEA;online + áruház (Budaörs, Örs vezér tere, Soroksár);"tömör akácfa, akril pác, világos barnára pácolt; Kuddarna világosszürke-bézs ülés- és háttámla párna";69 x 78 cm, mag. 75 cm;39900;/db, párnával;2;79800;https://www.ikea.com/hu/hu/p/naemmaroe-pihenoszek-kuelteri-vilagos-barnara-pacolt-kuddarna-vilagosszuerke-bezs-s69575217/;"Két kényelmes fa pihenőszék – szó szerint követi az inspirációs ""fedett-veranda-hintaszek-erdo"" hangulatot reggeli kávézósarokként, mosható huzatú párnákkal.";Ehhez külön kisasztal szükséges (lásd a kültéri kisasztal tételt) – önmagában nem tartalmaz asztalkát.;termékoldal;2026-09-20;200
16-17-terasz;Párnatároló doboz;ajánlott;NÄMMARÖ Tárolódoboz;IKEA;online + áruház (Budaörs, Örs vezér tere, Soroksár);tömör akácfa, akril pác, világos barnára pácolt;80 x 40 x 45 cm;29990;;1;29990;https://www.ikea.com/hu/hu/p/naemmaroe-tarolodoboz-vilagos-barnara-pacolt-belteri-kuelteri-40532742/;Zárt fa tárolás a párnáknak esős/nedves erdei időben – ülőalkalmatosságként is használható, illik a NÄMMARÖ bútorokhoz.;;termékoldal;2026-09-20;200
